model_name,model_slug,family,recipe,severity,n,accuracy,mean_confidence,clean_accuracy,clean_mean_confidence,accuracy_drop,confidence_drop,incorrect_n,mean_confidence_correct,mean_confidence_incorrect,high_conf_wrong_rate
CLIP ViT-B/32,clip_vit_b32,classic,blur_classic,high,100,0.71,0.8063394099473953,0.79,0.8518817180395126,0.08000000000000007,0.045542308092117345,29,0.8976745307445526,0.582725838340562,0.18
CLIP ViT-B/32,clip_vit_b32,classic,blur_classic,low,100,0.79,0.8537436187267303,0.79,0.8518817180395126,0.0,-0.001861900687217699,21,0.912573414890072,0.6324315283979688,0.16
CLIP ViT-B/32,clip_vit_b32,classic,blur_classic,mid,100,0.76,0.8422755941748619,0.79,0.8518817180395126,0.030000000000000027,0.009606123864650762,24,0.9156986255394785,0.6097693281869093,0.16
CLIP ViT-B/32,clip_vit_b32,classic,jpeg_classic,high,100,0.78,0.8280988827347755,0.79,0.8518817180395126,0.010000000000000009,0.023782835304737127,22,0.9271803807753783,0.47680993513627484,0.07
CLIP ViT-B/32,clip_vit_b32,classic,jpeg_classic,low,100,0.78,0.8438149446249008,0.79,0.8518817180395126,0.010000000000000009,0.008066773414611816,22,0.9273898360820917,0.5475039658221331,0.12
CLIP ViT-B/32,clip_vit_b32,classic,jpeg_classic,mid,100,0.8,0.8435629114508629,0.79,0.8518817180395126,-0.010000000000000009,0.008318806588649696,20,0.9154473565518856,0.556025131046772,0.1
CLIP ViT-B/32,clip_vit_b32,classic,resize_roundtrip,high,100,0.77,0.8416867953538895,0.79,0.8518817180395126,0.020000000000000018,0.010194922685623165,23,0.9079004917051885,0.6200148553951926,0.16
CLIP ViT-B/32,clip_vit_b32,classic,resize_roundtrip,low,100,0.79,0.8517699927091599,0.79,0.8518817180395126,0.0,0.00011172533035275212,21,0.9117064811760867,0.6262946313335782,0.16
CLIP ViT-B/32,clip_vit_b32,classic,resize_roundtrip,mid,100,0.78,0.8476080632209778,0.79,0.8518817180395126,0.010000000000000009,0.004273654818534811,22,0.9121056004212453,0.6189349767836657,0.15
CLIP ViT-B/32,clip_vit_b32,clean,clean,clean,100,0.79,0.8518817180395126,0.79,0.8518817180395126,0.0,0.0,21,0.9142889840693413,0.6171115267844427,0.16
CLIP ViT-B/32,clip_vit_b32,modern_transfer,dirty_lens_recompress,high,100,0.77,0.8424811398983002,0.79,0.8518817180395126,0.020000000000000018,0.009400578141212423,23,0.926721686666662,0.5604584398476974,0.13
CLIP ViT-B/32,clip_vit_b32,modern_transfer,dirty_lens_recompress,low,100,0.78,0.8491104660928249,0.79,0.8518817180395126,0.010000000000000009,0.002771251946687703,22,0.9290889979172976,0.5655502168969675,0.1
CLIP ViT-B/32,clip_vit_b32,modern_transfer,dirty_lens_recompress,mid,100,0.81,0.8439469292759896,0.79,0.8518817180395126,-0.020000000000000018,0.007934788763523049,19,0.917322720642443,0.5311343450295297,0.08
CLIP ViT-B/32,clip_vit_b32,modern_transfer,low_light_upload,high,100,0.64,0.7460648681223393,0.79,0.8518817180395126,0.15000000000000002,0.10581684991717333,36,0.8640655253548175,0.5362859219312668,0.21
CLIP ViT-B/32,clip_vit_b32,modern_transfer,low_light_upload,low,100,0.75,0.8221105319261551,0.79,0.8518817180395126,0.040000000000000036,0.029771186113357495,25,0.9198507368564606,0.5288899171352387,0.11
CLIP ViT-B/32,clip_vit_b32,modern_transfer,low_light_upload,mid,100,0.74,0.7972989490628243,0.79,0.8518817180395126,0.050000000000000044,0.054582768976688345,26,0.8841540177126188,0.550096061367255,0.16
CLIP ViT-B/32,clip_vit_b32,modern_transfer,messenger_chain,high,100,0.82,0.8421983829140663,0.79,0.8518817180395126,-0.029999999999999916,0.00968333512544628,18,0.9047288843771306,0.5573372095823288,0.12
CLIP ViT-B/32,clip_vit_b32,modern_transfer,messenger_chain,low,100,0.81,0.8513139666616917,0.79,0.8518817180395126,-0.020000000000000018,0.0005677513778209464,19,0.909052022261384,0.6051675191051081,0.13
CLIP ViT-B/32,clip_vit_b32,modern_transfer,messenger_chain,mid,100,0.79,0.8475405898690224,0.79,0.8518817180395126,0.0,0.0043411281704902605,21,0.9184435771990426,0.5808103041989463,0.13
CLIP ViT-B/32,clip_vit_b32,modern_transfer,restoration_artifact,high,100,0.76,0.8102082806825638,0.79,0.8518817180395126,0.030000000000000027,0.04167343735694884,24,0.9086372358234305,0.49851658940315247,0.1
CLIP ViT-B/32,clip_vit_b32,modern_transfer,restoration_artifact,low,100,0.79,0.8457913979887962,0.79,0.8518817180395126,0.0,0.0060903200507164135,21,0.9216918160643759,0.5602612537997109,0.12
CLIP ViT-B/32,clip_vit_b32,modern_transfer,restoration_artifact,mid,100,0.79,0.8335688184201717,0.79,0.8518817180395126,0.0,0.018312899619340905,21,0.9097808014742935,0.5468665964546657,0.11
CLIP ViT-B/32,clip_vit_b32,modern_transfer,screenshot_chain,high,100,0.79,0.8222270667552948,0.79,0.8518817180395126,0.0,0.029654651284217848,21,0.8991934660869308,0.5326868026029496,0.1
CLIP ViT-B/32,clip_vit_b32,modern_transfer,screenshot_chain,low,100,0.79,0.8487654834985733,0.79,0.8518817180395126,0.0,0.0031162345409393444,21,0.9160600598854355,0.5956096961384728,0.15
CLIP ViT-B/32,clip_vit_b32,modern_transfer,screenshot_chain,mid,100,0.82,0.8482864427566529,0.79,0.8518817180395126,-0.029999999999999916,0.0035952752828597445,18,0.9065485327709012,0.5828702549139658,0.1
CLIP ViT-B/32,clip_vit_b32,modern_transfer,video_call_frame,high,100,0.75,0.8153864976763725,0.79,0.8518817180395126,0.040000000000000036,0.036495220363140124,25,0.9151126317183177,0.5162080955505371,0.1
CLIP ViT-B/32,clip_vit_b32,modern_transfer,video_call_frame,low,100,0.78,0.8416436350345612,0.79,0.8518817180395126,0.010000000000000009,0.010238083004951437,22,0.9179057543858503,0.5712597573345358,0.12
CLIP ViT-B/32,clip_vit_b32,modern_transfer,video_call_frame,mid,100,0.76,0.8189205580949783,0.79,0.8518817180395126,0.030000000000000027,0.0329611599445343,24,0.9185377790739662,0.5034660249948502,0.1
CLIP ViT-B/16,clip_vit_b16,classic,blur_classic,high,100,0.79,0.8492678132653236,0.9,0.8785907293856144,0.10999999999999999,0.02932291612029081,21,0.9338702434980417,0.5310015281041464,0.11
CLIP ViT-B/16,clip_vit_b16,classic,blur_classic,low,100,0.87,0.8734588950872422,0.9,0.8785907293856144,0.030000000000000027,0.005131834298372273,13,0.9303471689251648,0.49274506247960603,0.06
CLIP ViT-B/16,clip_vit_b16,classic,blur_classic,mid,100,0.84,0.8729715406894684,0.9,0.8785907293856144,0.06000000000000005,0.005619188696146082,16,0.9344830498808906,0.5500361174345016,0.08
CLIP ViT-B/16,clip_vit_b16,classic,jpeg_classic,high,100,0.83,0.8595800465345382,0.9,0.8785907293856144,0.07000000000000006,0.01901068285107621,17,0.9215521083538791,0.5570105682401096,0.1
CLIP ViT-B/16,clip_vit_b16,classic,jpeg_classic,low,100,0.88,0.8753455120325089,0.9,0.8785907293856144,0.020000000000000018,0.0032452173531055672,12,0.9242815040051937,0.5164815708994865,0.06
CLIP ViT-B/16,clip_vit_b16,classic,jpeg_classic,mid,100,0.86,0.8661421242356301,0.9,0.8785907293856144,0.040000000000000036,0.01244860514998436,14,0.9187135505814885,0.5432033623967852,0.07
CLIP ViT-B/16,clip_vit_b16,classic,resize_roundtrip,high,100,0.86,0.8705319716036319,0.9,0.8785907293856144,0.040000000000000036,0.008058757781982506,14,0.9226587241472199,0.5503247774073056,0.09
CLIP ViT-B/16,clip_vit_b16,classic,resize_roundtrip,low,100,0.9,0.8757443755865097,0.9,0.8785907293856144,0.0,0.002846353799104695,10,0.9134806662797927,0.5361177593469619,0.05
CLIP ViT-B/16,clip_vit_b16,classic,resize_roundtrip,mid,100,0.9,0.872375277876854,0.9,0.8785907293856144,0.0,0.006215451508760461,10,0.9094534907076094,0.538671362400055,0.05
CLIP ViT-B/16,clip_vit_b16,clean,clean,clean,100,0.9,0.8785907293856144,0.9,0.8785907293856144,0.0,0.0,10,0.91576563153002,0.5440166100859642,0.05
CLIP ViT-B/16,clip_vit_b16,modern_transfer,dirty_lens_recompress,high,100,0.85,0.8643576484918595,0.9,0.8785907293856144,0.050000000000000044,0.014233080893754968,15,0.9135028099312502,0.5858684003353118,0.1
CLIP ViT-B/16,clip_vit_b16,modern_transfer,dirty_lens_recompress,low,100,0.9,0.8700289517641068,0.9,0.8785907293856144,0.0,0.008561777621507671,10,0.9078007029162513,0.5300831913948059,0.05
CLIP ViT-B/16,clip_vit_b16,modern_transfer,dirty_lens_recompress,mid,100,0.88,0.872401992380619,0.9,0.8785907293856144,0.020000000000000018,0.006188737004995448,12,0.9170739528807726,0.5448076153794924,0.06
CLIP ViT-B/16,clip_vit_b16,modern_transfer,low_light_upload,high,100,0.78,0.804657946228981,0.9,0.8785907293856144,0.12,0.07393278315663343,22,0.8649472212180113,0.5909050621769645,0.11
CLIP ViT-B/16,clip_vit_b16,modern_transfer,low_light_upload,low,100,0.86,0.8287377968430519,0.9,0.8785907293856144,0.040000000000000036,0.04985293254256251,14,0.8736902173868445,0.5526014992168972,0.1
CLIP ViT-B/16,clip_vit_b16,modern_transfer,low_light_upload,mid,100,0.8,0.8335857605934143,0.9,0.8785907293856144,0.09999999999999998,0.04500496879220017,20,0.9150512840598821,0.5077236667275429,0.1
CLIP ViT-B/16,clip_vit_b16,modern_transfer,messenger_chain,high,100,0.86,0.8681625959277153,0.9,0.8785907293856144,0.040000000000000036,0.010428133457899169,14,0.9183013529278511,0.5601673743554524,0.08
CLIP ViT-B/16,clip_vit_b16,modern_transfer,messenger_chain,low,100,0.9,0.8794464442133904,0.9,0.8785907293856144,0.0,-0.0008557148277759108,10,0.9159063342544768,0.5513074338436127,0.06
CLIP ViT-B/16,clip_vit_b16,modern_transfer,messenger_chain,mid,100,0.87,0.8751426410675048,0.9,0.8785907293856144,0.030000000000000027,0.00344808831810961,13,0.9231809651714632,0.5536553951410147,0.06
CLIP ViT-B/16,clip_vit_b16,modern_transfer,restoration_artifact,high,100,0.82,0.8675135910511017,0.9,0.8785907293856144,0.08000000000000007,0.011077138334512737,18,0.9359466339029917,0.5557630625036027,0.1
CLIP ViT-B/16,clip_vit_b16,modern_transfer,restoration_artifact,low,100,0.87,0.8700172188878059,0.9,0.8785907293856144,0.030000000000000027,0.008573510497808523,13,0.914525361239225,0.5721550354590783,0.07
CLIP ViT-B/16,clip_vit_b16,modern_transfer,restoration_artifact,mid,100,0.89,0.8563066264986992,0.9,0.8785907293856144,0.010000000000000009,0.02228410288691529,11,0.8902934983874975,0.5813219357620586,0.07
CLIP ViT-B/16,clip_vit_b16,modern_transfer,screenshot_chain,high,100,0.82,0.8685928627848625,0.9,0.8785907293856144,0.08000000000000007,0.00999786660075197,18,0.9390525269072231,0.5476099484496646,0.11
CLIP ViT-B/16,clip_vit_b16,modern_transfer,screenshot_chain,low,100,0.89,0.8771524935960769,0.9,0.8785907293856144,0.010000000000000009,0.0014382357895375009,11,0.9170657262373506,0.5542181567712263,0.06
CLIP ViT-B/16,clip_vit_b16,modern_transfer,screenshot_chain,mid,100,0.86,0.8700267854332924,0.9,0.8785907293856144,0.040000000000000036,0.008563943952322073,14,0.9241462893957315,0.5375784039497375,0.08
CLIP ViT-B/16,clip_vit_b16,modern_transfer,video_call_frame,high,100,0.82,0.8430265134572983,0.9,0.8785907293856144,0.08000000000000007,0.035564215928316156,18,0.9012106736985649,0.5779653390248617,0.11
CLIP ViT-B/16,clip_vit_b16,modern_transfer,video_call_frame,low,100,0.88,0.8609686958789825,0.9,0.8785907293856144,0.020000000000000018,0.01762203350663194,12,0.9029622545296495,0.5530159324407578,0.05
CLIP ViT-B/16,clip_vit_b16,modern_transfer,video_call_frame,mid,100,0.85,0.8479670149087906,0.9,0.8785907293856144,0.050000000000000044,0.030623714476823882,15,0.9062089629033032,0.5179293096065521,0.07
SigLIP Base P16 224,siglip_base_p16_224,classic,blur_classic,high,100,0.19,0.46973675206303594,0.19,0.4902893927693367,0.0,0.02055264070630075,81,0.425709530711174,0.480064124972732,0.31
SigLIP Base P16 224,siglip_base_p16_224,classic,blur_classic,low,100,0.18,0.476761579811573,0.19,0.4902893927693367,0.010000000000000009,0.013527812957763674,82,0.47903145021862453,0.4762633155758788,0.33
SigLIP Base P16 224,siglip_base_p16_224,classic,blur_classic,mid,100,0.17,0.46568508207798004,0.19,0.4902893927693367,0.01999999999999999,0.024604310691356657,83,0.4780428339453304,0.46315397627382393,0.31
SigLIP Base P16 224,siglip_base_p16_224,classic,jpeg_classic,high,100,0.17,0.5455367565155029,0.19,0.4902893927693367,0.01999999999999999,-0.055247363746166234,83,0.5404565246666179,0.5465772859303348,0.49
SigLIP Base P16 224,siglip_base_p16_224,classic,jpeg_classic,low,100,0.2,0.5166794353723526,0.19,0.4902893927693367,-0.010000000000000009,-0.026390042603015917,80,0.49965016543865204,0.5209367528557778,0.41
SigLIP Base P16 224,siglip_base_p16_224,classic,jpeg_classic,mid,100,0.17,0.5535006320476532,0.19,0.4902893927693367,0.01999999999999999,-0.06321123927831651,83,0.55157229830237,0.5538955919713859,0.49
SigLIP Base P16 224,siglip_base_p16_224,classic,resize_roundtrip,high,100,0.18,0.4436987181007862,0.19,0.4902893927693367,0.010000000000000009,0.04659067466855049,82,0.4385208421283298,0.4448353250215693,0.26
SigLIP Base P16 224,siglip_base_p16_224,classic,resize_roundtrip,low,100,0.19,0.4843196113407612,0.19,0.4902893927693367,0.0,0.005969781428575516,81,0.4705585539340973,0.4875475136954107,0.33
SigLIP Base P16 224,siglip_base_p16_224,classic,resize_roundtrip,mid,100,0.21,0.4711419631540775,0.19,0.4902893927693367,-0.01999999999999999,0.01914742961525917,79,0.4472059089513052,0.4775047117396246,0.3
SigLIP Base P16 224,siglip_base_p16_224,clean,clean,clean,100,0.19,0.4902893927693367,0.19,0.4902893927693367,0.0,0.0,81,0.4832985558007893,0.4919292187249219,0.33
SigLIP Base P16 224,siglip_base_p16_224,modern_transfer,dirty_lens_recompress,high,100,0.16,0.5428060925006867,0.19,0.4902893927693367,0.03,-0.05251669973134998,84,0.5595510508865118,0.5396165766176724,0.47
SigLIP Base P16 224,siglip_base_p16_224,modern_transfer,dirty_lens_recompress,low,100,0.21,0.5151118545234203,0.19,0.4902893927693367,-0.01999999999999999,-0.024822461754083647,79,0.4979742921534039,0.5196674090774753,0.42
SigLIP Base P16 224,siglip_base_p16_224,modern_transfer,dirty_lens_recompress,mid,100,0.17,0.5365945273637771,0.19,0.4902893927693367,0.01999999999999999,-0.04630513459444041,83,0.541641891002655,0.5355607299919588,0.47
SigLIP Base P16 224,siglip_base_p16_224,modern_transfer,low_light_upload,high,100,0.18,0.45393677055835724,0.19,0.4902893927693367,0.010000000000000009,0.03635262221097946,82,0.47988230652279323,0.4482414090051884,0.27
SigLIP Base P16 224,siglip_base_p16_224,modern_transfer,low_light_upload,low,100,0.16,0.5129104468226433,0.19,0.4902893927693367,0.03,-0.02262105405330661,84,0.5320232566446066,0.5092699116184598,0.41
SigLIP Base P16 224,siglip_base_p16_224,modern_transfer,low_light_upload,mid,100,0.14,0.5374520421028137,0.19,0.4902893927693367,0.04999999999999999,-0.047162649333477025,86,0.5843819337231773,0.52981229230415,0.52
SigLIP Base P16 224,siglip_base_p16_224,modern_transfer,messenger_chain,high,100,0.21,0.5631795513629914,0.19,0.4902893927693367,-0.01999999999999999,-0.07289015859365466,79,0.5409899666195824,0.5690780485732646,0.54
SigLIP Base P16 224,siglip_base_p16_224,modern_transfer,messenger_chain,low,100,0.22,0.5098311464488506,0.19,0.4902893927693367,-0.03,-0.01954175367951394,78,0.4781509272076867,0.5187665929014866,0.41
SigLIP Base P16 224,siglip_base_p16_224,modern_transfer,messenger_chain,mid,100,0.16,0.5368347868323327,0.19,0.4902893927693367,0.03,-0.04654539406299596,84,0.5508790388703346,0.5341596912060466,0.45
SigLIP Base P16 224,siglip_base_p16_224,modern_transfer,restoration_artifact,high,100,0.17,0.5346015800535678,0.19,0.4902893927693367,0.01999999999999999,-0.04431218728423114,83,0.5299791676156661,0.5355483392275959,0.43
SigLIP Base P16 224,siglip_base_p16_224,modern_transfer,restoration_artifact,low,100,0.18,0.5226949574053288,0.19,0.4902893927693367,0.010000000000000009,-0.03240556463599209,82,0.5158223029639986,0.5242035888680597,0.43
SigLIP Base P16 224,siglip_base_p16_224,modern_transfer,restoration_artifact,mid,100,0.15,0.537708689570427,0.19,0.4902893927693367,0.04000000000000001,-0.04741929680109025,85,0.5581205705801646,0.5341065929216497,0.48
SigLIP Base P16 224,siglip_base_p16_224,modern_transfer,screenshot_chain,high,100,0.17,0.5349683147668839,0.19,0.4902893927693367,0.01999999999999999,-0.044678921997547194,83,0.5456273240201613,0.5327851441969355,0.44
SigLIP Base P16 224,siglip_base_p16_224,modern_transfer,screenshot_chain,low,100,0.2,0.5048344497382641,0.19,0.4902893927693367,-0.010000000000000009,-0.014545056968927383,80,0.49358050227165223,0.507647936604917,0.4
SigLIP Base P16 224,siglip_base_p16_224,modern_transfer,screenshot_chain,mid,100,0.17,0.5379301482439041,0.19,0.4902893927693367,0.01999999999999999,-0.047640755474567364,83,0.5474081723129048,0.5359888662056751,0.47
SigLIP Base P16 224,siglip_base_p16_224,modern_transfer,video_call_frame,high,100,0.15,0.5246175262331962,0.19,0.4902893927693367,0.04000000000000001,-0.034328133463859545,85,0.5783282121022543,0.5151391699033625,0.48
SigLIP Base P16 224,siglip_base_p16_224,modern_transfer,video_call_frame,low,100,0.15,0.5312096145749092,0.19,0.4902893927693367,0.04000000000000001,-0.04092022180557253,85,0.5641049603621165,0.5254045535536374,0.44
SigLIP Base P16 224,siglip_base_p16_224,modern_transfer,video_call_frame,mid,100,0.15,0.5385429614782333,0.19,0.4902893927693367,0.04000000000000001,-0.04825356870889663,85,0.5708131492137909,0.5328482224660761,0.49
OpenCLIP ViT-B/32 LAION2B,openclip_vit_b32_laion2b,classic,blur_classic,high,100,0.74,0.8587918999791145,0.85,0.8929685404896737,0.10999999999999999,0.03417664051055913,26,0.9387008076584017,0.6313588550457587,0.18
OpenCLIP ViT-B/32 LAION2B,openclip_vit_b32_laion2b,classic,blur_classic,low,100,0.82,0.886425270140171,0.85,0.8929685404896737,0.030000000000000027,0.006543270349502639,18,0.9625295982128237,0.5397277755869759,0.08
OpenCLIP ViT-B/32 LAION2B,openclip_vit_b32_laion2b,classic,blur_classic,mid,100,0.78,0.8646886363625527,0.85,0.8929685404896737,0.06999999999999995,0.028279904127121003,22,0.9456281891235938,0.5777211311188611,0.16
OpenCLIP ViT-B/32 LAION2B,openclip_vit_b32_laion2b,classic,jpeg_classic,high,100,0.85,0.8870111274719238,0.85,0.8929685404896737,0.0,0.00595741301774988,15,0.9468286882428562,0.5480449497699738,0.08
OpenCLIP ViT-B/32 LAION2B,openclip_vit_b32_laion2b,classic,jpeg_classic,low,100,0.86,0.8834191778302193,0.85,0.8929685404896737,-0.010000000000000009,0.009549362659454386,14,0.9287034716717032,0.6052442299468177,0.09
OpenCLIP ViT-B/32 LAION2B,openclip_vit_b32_laion2b,classic,jpeg_classic,mid,100,0.83,0.8848289477825165,0.85,0.8929685404896737,0.020000000000000018,0.00813959270715714,17,0.9509350851357702,0.5620754536460427,0.1
OpenCLIP ViT-B/32 LAION2B,openclip_vit_b32_laion2b,classic,resize_roundtrip,high,100,0.8,0.8549018248915672,0.85,0.8929685404896737,0.04999999999999993,0.03806671559810648,20,0.9373249351978302,0.5252093836665154,0.09
OpenCLIP ViT-B/32 LAION2B,openclip_vit_b32_laion2b,classic,resize_roundtrip,low,100,0.87,0.8878275913000107,0.85,0.8929685404896737,-0.020000000000000018,0.005140949189663013,13,0.937023106320151,0.5585960677036872,0.05
OpenCLIP ViT-B/32 LAION2B,openclip_vit_b32_laion2b,classic,resize_roundtrip,mid,100,0.85,0.8818732771277428,0.85,0.8929685404896737,0.0,0.011095263361930896,15,0.9388276710229762,0.5591317117214203,0.07
OpenCLIP ViT-B/32 LAION2B,openclip_vit_b32_laion2b,clean,clean,clean,100,0.85,0.8929685404896737,0.85,0.8929685404896737,0.0,0.0,15,0.9544879534665276,0.5443585336208343,0.06
OpenCLIP ViT-B/32 LAION2B,openclip_vit_b32_laion2b,modern_transfer,dirty_lens_recompress,high,100,0.82,0.8780013087391854,0.85,0.8929685404896737,0.030000000000000027,0.014967231750488308,18,0.9435932171054002,0.579193726181984,0.11
OpenCLIP ViT-B/32 LAION2B,openclip_vit_b32_laion2b,modern_transfer,dirty_lens_recompress,low,100,0.86,0.8824186810851097,0.85,0.8929685404896737,-0.010000000000000009,0.010549859404563988,14,0.9298318981431252,0.5911660620144435,0.08
OpenCLIP ViT-B/32 LAION2B,openclip_vit_b32_laion2b,modern_transfer,dirty_lens_recompress,mid,100,0.83,0.8829085478186607,0.85,0.8929685404896737,0.020000000000000018,0.010059992671012985,17,0.9500376610870821,0.5551605242140153,0.1
OpenCLIP ViT-B/32 LAION2B,openclip_vit_b32_laion2b,modern_transfer,low_light_upload,high,100,0.63,0.8507390606403351,0.85,0.8929685404896737,0.21999999999999997,0.04222947984933856,37,0.9364852550483885,0.7047387836752711,0.32
OpenCLIP ViT-B/32 LAION2B,openclip_vit_b32_laion2b,modern_transfer,low_light_upload,low,100,0.85,0.8696433541178703,0.85,0.8929685404896737,0.0,0.023325186371803364,15,0.917852529708077,0.5964580257733663,0.1
OpenCLIP ViT-B/32 LAION2B,openclip_vit_b32_laion2b,modern_transfer,low_light_upload,mid,100,0.77,0.8668014106154441,0.85,0.8929685404896737,0.07999999999999996,0.026167129874229533,23,0.9190685927093803,0.691819974909658,0.19
OpenCLIP ViT-B/32 LAION2B,openclip_vit_b32_laion2b,modern_transfer,messenger_chain,high,100,0.85,0.8831182098388672,0.85,0.8929685404896737,0.0,0.009850330650806427,15,0.9399960170773899,0.5608106354872385,0.1
OpenCLIP ViT-B/32 LAION2B,openclip_vit_b32_laion2b,modern_transfer,messenger_chain,low,100,0.87,0.8799816751480103,0.85,0.8929685404896737,-0.020000000000000018,0.012986865341663378,13,0.923098655610249,0.5914295751314896,0.07
OpenCLIP ViT-B/32 LAION2B,openclip_vit_b32_laion2b,modern_transfer,messenger_chain,mid,100,0.83,0.8873636177182198,0.85,0.8929685404896737,0.020000000000000018,0.005604922771453857,17,0.9487108049622501,0.5878449976444244,0.09
OpenCLIP ViT-B/32 LAION2B,openclip_vit_b32_laion2b,modern_transfer,restoration_artifact,high,100,0.81,0.8700086390972137,0.85,0.8929685404896737,0.039999999999999925,0.022959901392459958,19,0.9424130644327329,0.5613371416142112,0.13
OpenCLIP ViT-B/32 LAION2B,openclip_vit_b32_laion2b,modern_transfer,restoration_artifact,low,100,0.83,0.8835603460669518,0.85,0.8929685404896737,0.020000000000000018,0.009408194422721894,17,0.9464030405843115,0.5767401316586662,0.1
OpenCLIP ViT-B/32 LAION2B,openclip_vit_b32_laion2b,modern_transfer,restoration_artifact,mid,100,0.84,0.8751736813783646,0.85,0.8929685404896737,0.010000000000000009,0.01779485911130907,16,0.9331758589971633,0.5706622488796711,0.09
OpenCLIP ViT-B/32 LAION2B,openclip_vit_b32_laion2b,modern_transfer,screenshot_chain,high,100,0.84,0.8722805014252663,0.85,0.8929685404896737,0.010000000000000009,0.020688039064407415,16,0.9310161982263837,0.5639180932193995,0.08
OpenCLIP ViT-B/32 LAION2B,openclip_vit_b32_laion2b,modern_transfer,screenshot_chain,low,100,0.87,0.8785795712471008,0.85,0.8929685404896737,-0.020000000000000018,0.014388969242572824,13,0.9247710108757019,0.5694522445018475,0.07
OpenCLIP ViT-B/32 LAION2B,openclip_vit_b32_laion2b,modern_transfer,screenshot_chain,mid,100,0.85,0.883257794380188,0.85,0.8929685404896737,0.0,0.009710746109485635,15,0.9365133979741265,0.5814760406812032,0.09
OpenCLIP ViT-B/32 LAION2B,openclip_vit_b32_laion2b,modern_transfer,video_call_frame,high,100,0.76,0.8515014317631722,0.85,0.8929685404896737,0.08999999999999997,0.0414671087265015,24,0.9291515130745737,0.6056095076104006,0.18
OpenCLIP ViT-B/32 LAION2B,openclip_vit_b32_laion2b,modern_transfer,video_call_frame,low,100,0.85,0.8810518988966942,0.85,0.8929685404896737,0.0,0.011916641592979449,15,0.928601738985847,0.6116028050581614,0.09
OpenCLIP ViT-B/32 LAION2B,openclip_vit_b32_laion2b,modern_transfer,video_call_frame,mid,100,0.83,0.8649428787827492,0.85,0.8929685404896737,0.020000000000000018,0.028025661706924443,17,0.9236138340938522,0.578490567557952,0.1
HGNetV2-B0 Prototype,hgnetv2_b0_prototype,classic,blur_classic,high,100,0.78,0.11805710054934025,0.84,0.12402384452521802,0.05999999999999994,0.005966743975877764,22,0.12030783658608413,0.11007721823724834,0.0
HGNetV2-B0 Prototype,hgnetv2_b0_prototype,classic,blur_classic,low,100,0.85,0.12376870535314083,0.84,0.12402384452521802,-0.010000000000000009,0.0002551391720771873,15,0.12648011034025866,0.1084040770928065,0.0
HGNetV2-B0 Prototype,hgnetv2_b0_prototype,classic,blur_classic,mid,100,0.86,0.12165597356855869,0.84,0.12402384452521802,-0.020000000000000018,0.0023678709566593292,14,0.12357814384754313,0.10984835614051137,0.0
HGNetV2-B0 Prototype,hgnetv2_b0_prototype,classic,jpeg_classic,high,100,0.85,0.12220253817737102,0.84,0.12402384452521802,-0.010000000000000009,0.001821306347846996,15,0.1244462227120119,0.10948832581440608,0.0
HGNetV2-B0 Prototype,hgnetv2_b0_prototype,classic,jpeg_classic,low,100,0.85,0.12348885141313076,0.84,0.12402384452521802,-0.010000000000000009,0.0005349931120872536,15,0.12625856951755635,0.10779378215471903,0.0
HGNetV2-B0 Prototype,hgnetv2_b0_prototype,classic,jpeg_classic,mid,100,0.84,0.12296660043299198,0.84,0.12402384452521802,0.0,0.0010572440922260312,16,0.1257803717716819,0.10819430090487003,0.0
HGNetV2-B0 Prototype,hgnetv2_b0_prototype,classic,resize_roundtrip,high,100,0.88,0.12057416439056397,0.84,0.12402384452521802,-0.040000000000000036,0.0034496801346540484,12,0.12201813396743753,0.10998505416015784,0.0
HGNetV2-B0 Prototype,hgnetv2_b0_prototype,classic,resize_roundtrip,low,100,0.84,0.12392863921821118,0.84,0.12402384452521802,0.0,9.52053070068376e-05,16,0.1269311626397428,0.1081653912551701,0.0
HGNetV2-B0 Prototype,hgnetv2_b0_prototype,classic,resize_roundtrip,mid,100,0.86,0.12342325270175934,0.84,0.12402384452521802,-0.020000000000000018,0.0006005918234586738,14,0.12590330016127851,0.1081886754504272,0.0
HGNetV2-B0 Prototype,hgnetv2_b0_prototype,clean,clean,clean,100,0.84,0.12402384452521802,0.84,0.12402384452521802,0.0,0.0,16,0.12704150573838324,0.10818112315610051,0.0
HGNetV2-B0 Prototype,hgnetv2_b0_prototype,modern_transfer,dirty_lens_recompress,high,100,0.86,0.12230465427041054,0.84,0.12402384452521802,-0.020000000000000018,0.0017191902548074761,14,0.12448375706755838,0.10891873708793096,0.0
HGNetV2-B0 Prototype,hgnetv2_b0_prototype,modern_transfer,dirty_lens_recompress,low,100,0.84,0.12349250249564647,0.84,0.12402384452521802,0.0,0.0005313420295715438,16,0.1264080342260145,0.10818596091121435,0.0
HGNetV2-B0 Prototype,hgnetv2_b0_prototype,modern_transfer,dirty_lens_recompress,mid,100,0.81,0.12316901572048664,0.84,0.12402384452521802,0.029999999999999916,0.0008548288047313807,19,0.12675177223152584,0.10789515901553004,0.0
HGNetV2-B0 Prototype,hgnetv2_b0_prototype,modern_transfer,low_light_upload,high,100,0.64,0.11532002963125705,0.84,0.12402384452521802,0.19999999999999996,0.008703814893960965,36,0.11845515866298229,0.10974646690818998,0.0
HGNetV2-B0 Prototype,hgnetv2_b0_prototype,modern_transfer,low_light_upload,low,100,0.88,0.12339500635862351,0.84,0.12402384452521802,-0.040000000000000036,0.0006288381665945086,12,0.1252501801672307,0.10979039842883746,0.0
HGNetV2-B0 Prototype,hgnetv2_b0_prototype,modern_transfer,low_light_upload,mid,100,0.87,0.12029044881463051,0.84,0.12402384452521802,-0.030000000000000027,0.003733395710587506,13,0.12145576823031766,0.11249177272503193,0.0
HGNetV2-B0 Prototype,hgnetv2_b0_prototype,modern_transfer,messenger_chain,high,100,0.85,0.12184115439653397,0.84,0.12402384452521802,-0.010000000000000009,0.0021826901286840505,15,0.12433845392044852,0.10768979042768478,0.0
HGNetV2-B0 Prototype,hgnetv2_b0_prototype,modern_transfer,messenger_chain,low,100,0.84,0.12354079715907573,0.84,0.12402384452521802,0.0,0.0004830473661422835,16,0.12648752544607436,0.10807047365233302,0.0
HGNetV2-B0 Prototype,hgnetv2_b0_prototype,modern_transfer,messenger_chain,mid,100,0.83,0.12319021880626678,0.84,0.12402384452521802,0.010000000000000009,0.0008336257189512364,17,0.12628867064254828,0.10806248337030411,0.0
HGNetV2-B0 Prototype,hgnetv2_b0_prototype,modern_transfer,restoration_artifact,high,100,0.85,0.1214683024585247,0.84,0.12402384452521802,-0.010000000000000009,0.0025555420666933115,15,0.12367379937101813,0.10897048662106196,0.0
HGNetV2-B0 Prototype,hgnetv2_b0_prototype,modern_transfer,restoration_artifact,low,100,0.84,0.12382465071976184,0.84,0.12402384452521802,0.0,0.00019919380545617427,16,0.1268266604415008,0.10806409968063235,0.0
HGNetV2-B0 Prototype,hgnetv2_b0_prototype,modern_transfer,restoration_artifact,mid,100,0.82,0.12319119513034821,0.84,0.12402384452521802,0.020000000000000018,0.0008326493948698083,18,0.1264562421455616,0.10831709206104279,0.0
HGNetV2-B0 Prototype,hgnetv2_b0_prototype,modern_transfer,screenshot_chain,high,100,0.87,0.12166625380516052,0.84,0.12402384452521802,-0.030000000000000027,0.0023575907200574925,13,0.12368385647905283,0.1081638359106504,0.0
HGNetV2-B0 Prototype,hgnetv2_b0_prototype,modern_transfer,screenshot_chain,low,100,0.84,0.12351460963487625,0.84,0.12402384452521802,0.0,0.0005092348903417698,16,0.12643343866581008,0.10819075722247362,0.0
HGNetV2-B0 Prototype,hgnetv2_b0_prototype,modern_transfer,screenshot_chain,mid,100,0.83,0.12305418975651264,0.84,0.12402384452521802,0.010000000000000009,0.0009696547687053775,17,0.12611662865762252,0.10810228218050565,0.0
HGNetV2-B0 Prototype,hgnetv2_b0_prototype,modern_transfer,video_call_frame,high,100,0.89,0.11950416930019855,0.84,0.12402384452521802,-0.050000000000000044,0.004519675225019462,11,0.12057919549138359,0.11080623011697423,0.0
HGNetV2-B0 Prototype,hgnetv2_b0_prototype,modern_transfer,video_call_frame,low,100,0.85,0.12335175946354866,0.84,0.12402384452521802,-0.010000000000000009,0.000672085061669353,15,0.1260083002202651,0.10829802850882213,0.0
HGNetV2-B0 Prototype,hgnetv2_b0_prototype,modern_transfer,video_call_frame,mid,100,0.81,0.12207278713583947,0.84,0.12402384452521802,0.029999999999999916,0.0019510573893785493,19,0.12520401943245052,0.10872384945028707,0.0
MobileNetV3-Small Prototype,mobilenet_v3_small_prototype,classic,blur_classic,high,100,0.47,0.11499801248311997,0.56,0.11554641984403133,0.09000000000000008,0.0005484073609113571,53,0.1174435352391385,0.11282934135985824,0.0
MobileNetV3-Small Prototype,mobilenet_v3_small_prototype,classic,blur_classic,low,100,0.57,0.11560699306428432,0.56,0.11554641984403133,-0.009999999999999898,-6.057322025299072e-05,43,0.11783509923700701,0.11265345697486123,0.0
MobileNetV3-Small Prototype,mobilenet_v3_small_prototype,classic,blur_classic,mid,100,0.57,0.11559670761227608,0.56,0.11554641984403133,-0.009999999999999898,-5.028776824475556e-05,43,0.11742982451330151,0.11316676195277724,0.0
MobileNetV3-Small Prototype,mobilenet_v3_small_prototype,classic,jpeg_classic,high,100,0.49,0.1155688513815403,0.56,0.11554641984403133,0.07000000000000006,-2.24315375089712e-05,51,0.11875107048117385,0.11251142518777474,0.0
MobileNetV3-Small Prototype,mobilenet_v3_small_prototype,classic,jpeg_classic,low,100,0.56,0.11554057307541371,0.56,0.11554641984403133,0.0,5.8467686176177924e-06,44,0.11784220566706997,0.1126112225042148,0.0
MobileNetV3-Small Prototype,mobilenet_v3_small_prototype,classic,jpeg_classic,mid,100,0.54,0.11562344960868359,0.56,0.11554641984403133,0.020000000000000018,-7.702976465226441e-05,46,0.11795909150883004,0.11288160911720732,0.0
MobileNetV3-Small Prototype,mobilenet_v3_small_prototype,classic,resize_roundtrip,high,100,0.55,0.11565308824181557,0.56,0.11554641984403133,0.010000000000000009,-0.00010666839778424031,45,0.11758057461543517,0.11329727156294717,0.0
MobileNetV3-Small Prototype,mobilenet_v3_small_prototype,classic,resize_roundtrip,low,100,0.56,0.11560881927609444,0.56,0.11554641984403133,0.0,-6.239943206311216e-05,44,0.1180203091353178,0.1125396503643556,0.0
MobileNetV3-Small Prototype,mobilenet_v3_small_prototype,classic,resize_roundtrip,mid,100,0.57,0.11576637730002404,0.56,0.11554641984403133,-0.009999999999999898,-0.00021995745599270866,43,0.11785984091591417,0.11299132087896037,0.0
MobileNetV3-Small Prototype,mobilenet_v3_small_prototype,clean,clean,clean,100,0.56,0.11554641984403133,0.56,0.11554641984403133,0.0,0.0,44,0.11795050052127667,0.11248668080026453,0.0
MobileNetV3-Small Prototype,mobilenet_v3_small_prototype,modern_transfer,dirty_lens_recompress,high,100,0.5,0.11515393301844597,0.56,0.11554641984403133,0.06000000000000005,0.0003924868255853614,50,0.11793114319443702,0.11237672284245491,0.0
MobileNetV3-Small Prototype,mobilenet_v3_small_prototype,modern_transfer,dirty_lens_recompress,low,100,0.56,0.11547130100429058,0.56,0.11554641984403133,0.0,7.511883974074818e-05,44,0.11771114476557289,0.11262059076265855,0.0
MobileNetV3-Small Prototype,mobilenet_v3_small_prototype,modern_transfer,dirty_lens_recompress,mid,100,0.56,0.11542676828801632,0.56,0.11554641984403133,0.0,0.00011965155601501021,44,0.11756324129445213,0.11270762082527984,0.0
MobileNetV3-Small Prototype,mobilenet_v3_small_prototype,modern_transfer,low_light_upload,high,100,0.56,0.11185363627970218,0.56,0.11554641984403133,0.0,0.003692783564329144,44,0.11410217506012746,0.10899185965007002,0.0
MobileNetV3-Small Prototype,mobilenet_v3_small_prototype,modern_transfer,low_light_upload,low,100,0.54,0.11519199438393116,0.56,0.11554641984403133,0.020000000000000018,0.00035442546010017173,46,0.11807918534786613,0.11180268325235533,0.0
MobileNetV3-Small Prototype,mobilenet_v3_small_prototype,modern_transfer,low_light_upload,mid,100,0.53,0.11432866536080838,0.56,0.11554641984403133,0.030000000000000027,0.0012177544832229492,47,0.116973396320388,0.11134630917234624,0.0
MobileNetV3-Small Prototype,mobilenet_v3_small_prototype,modern_transfer,messenger_chain,high,100,0.49,0.1155362579971552,0.56,0.11554641984403133,0.07000000000000006,1.0161846876133307e-05,51,0.11855176182425751,0.11263900922209609,0.0
MobileNetV3-Small Prototype,mobilenet_v3_small_prototype,modern_transfer,messenger_chain,low,100,0.55,0.11551622398197652,0.56,0.11554641984403133,0.010000000000000009,3.0195862054813172e-05,45,0.11800659055059606,0.11247244262033039,0.0
MobileNetV3-Small Prototype,mobilenet_v3_small_prototype,modern_transfer,messenger_chain,mid,100,0.54,0.11561211064457894,0.56,0.11554641984403133,0.020000000000000018,-6.569080054760756e-05,46,0.11793990888529354,0.11287947792721831,0.0
MobileNetV3-Small Prototype,mobilenet_v3_small_prototype,modern_transfer,restoration_artifact,high,100,0.53,0.11523171283304691,0.56,0.11554641984403133,0.030000000000000027,0.0003147070109844191,47,0.11757292134581872,0.1125916266377936,0.0
MobileNetV3-Small Prototype,mobilenet_v3_small_prototype,modern_transfer,restoration_artifact,low,100,0.55,0.11546021811664105,0.56,0.11554641984403133,0.010000000000000009,8.620172739028098e-05,45,0.11784968999299136,0.11253975248999065,0.0
MobileNetV3-Small Prototype,mobilenet_v3_small_prototype,modern_transfer,restoration_artifact,mid,100,0.55,0.11545056857168674,0.56,0.11554641984403133,0.010000000000000009,9.585127234458535e-05,45,0.11768680716102774,0.1127173880736033,0.0
MobileNetV3-Small Prototype,mobilenet_v3_small_prototype,modern_transfer,screenshot_chain,high,100,0.5,0.1154459159821272,0.56,0.11554641984403133,0.06000000000000005,0.00010050386190413318,50,0.11830979257822037,0.112582039386034,0.0
MobileNetV3-Small Prototype,mobilenet_v3_small_prototype,modern_transfer,screenshot_chain,low,100,0.56,0.11558282785117627,0.56,0.11554641984403133,0.0,-3.640800714493908e-05,44,0.1178871566163642,0.11265004578639161,0.0
MobileNetV3-Small Prototype,mobilenet_v3_small_prototype,modern_transfer,screenshot_chain,mid,100,0.56,0.1155268131941557,0.56,0.11554641984403133,0.0,1.9606649875630877e-05,44,0.11763112659433059,0.11284859613938765,0.0
MobileNetV3-Small Prototype,mobilenet_v3_small_prototype,modern_transfer,video_call_frame,high,100,0.46,0.11467532701790333,0.56,0.11554641984403133,0.10000000000000003,0.0008710928261280032,54,0.11769123845126318,0.11210621727837457,0.0
MobileNetV3-Small Prototype,mobilenet_v3_small_prototype,modern_transfer,video_call_frame,low,100,0.55,0.11554424658417702,0.56,0.11554641984403133,0.010000000000000009,2.1732598543128256e-06,45,0.11791476580229672,0.11264694531758626,0.0
MobileNetV3-Small Prototype,mobilenet_v3_small_prototype,modern_transfer,video_call_frame,mid,100,0.52,0.11514775976538658,0.56,0.11554641984403133,0.040000000000000036,0.0003986600786447525,48,0.11759968202274579,0.11249151065324743,0.0
