model_name,model_slug,severity,base_type,base_name,base_display_name,color_accuracy,grayscale_accuracy,grayscale_minus_color_accuracy,color_mean_confidence,grayscale_mean_confidence,grayscale_minus_color_confidence
CLIP ViT-B/16,clip_vit_b16,level_1,06,contrast,Contrast,0.392,0.25,-0.14200000000000002,0.48048388183116914,0.3991186939328909,-0.08136518789827824
CLIP ViT-B/16,clip_vit_b16,level_1,07,dirty_lens_1,Dirty lens 1,0.326,0.202,-0.124,0.4584408400952816,0.35093250598013404,-0.10750833411514754
CLIP ViT-B/16,clip_vit_b16,level_1,08,dirty_lens_2,Dirty lens 2,0.298,0.18,-0.118,0.38317938496172427,0.3117796454876661,-0.07139973947405814
CLIP ViT-B/16,clip_vit_b16,level_1,05,gaussian_blur,Gaussian blur,0.178,0.08,-0.09799999999999999,0.2815292625427246,0.18569779816269874,-0.09583146438002585
CLIP ViT-B/16,clip_vit_b16,level_1,04,overexposure,Overexposure,0.404,0.286,-0.11800000000000005,0.521856895044446,0.43993311390280726,-0.08192378114163873
CLIP ViT-B/16,clip_vit_b16,level_1,02,resize,Resize,0.442,0.32,-0.122,0.5265371632426977,0.4492551703006029,-0.07728199294209481
CLIP ViT-B/16,clip_vit_b16,level_1,09,salt_pepper_noise,Salt & pepper noise,0.264,0.122,-0.14200000000000002,0.3998977523595095,0.32343510426580907,-0.0764626480937004
CLIP ViT-B/16,clip_vit_b16,level_1,03,underexposure,Underexposure,0.406,0.2845691382765531,-0.12143086172344691,0.46727529364079234,0.370640875767909,-0.09663441787288335
CLIP ViT-B/16,clip_vit_b16,level_2,06,contrast,Contrast,0.35,0.198,-0.15199999999999997,0.43797817964851854,0.35581855453550815,-0.08215962511301039
CLIP ViT-B/16,clip_vit_b16,level_2,07,dirty_lens_1,Dirty lens 1,0.274,0.15,-0.12400000000000003,0.428037398993969,0.3289706134945154,-0.09906678549945358
CLIP ViT-B/16,clip_vit_b16,level_2,08,dirty_lens_2,Dirty lens 2,0.242,0.138,-0.10399999999999998,0.35864096716046334,0.29126439529657366,-0.06737657186388968
CLIP ViT-B/16,clip_vit_b16,level_2,05,gaussian_blur,Gaussian blur,0.072,0.01,-0.06199999999999999,0.18739680069684983,0.11638283924013376,-0.07101396145671607
CLIP ViT-B/16,clip_vit_b16,level_2,04,overexposure,Overexposure,0.308,0.18,-0.128,0.42637521514296534,0.3765731243789196,-0.04980209076404574
CLIP ViT-B/16,clip_vit_b16,level_2,02,resize,Resize,0.434,0.312,-0.122,0.5253144607394934,0.4499657369852066,-0.0753487237542868
CLIP ViT-B/16,clip_vit_b16,level_2,09,salt_pepper_noise,Salt & pepper noise,0.188,0.072,-0.116,0.3095540146306157,0.2563118871003389,-0.053242127530276795
CLIP ViT-B/16,clip_vit_b16,level_2,03,underexposure,Underexposure,0.4,0.264,-0.136,0.4521083369106054,0.34791995690762995,-0.10418838000297548
CLIP ViT-B/16,clip_vit_b16,level_3,06,contrast,Contrast,0.298,0.188,-0.10999999999999999,0.42122640961408614,0.34194252797961233,-0.07928388163447381
CLIP ViT-B/16,clip_vit_b16,level_3,07,dirty_lens_1,Dirty lens 1,0.222,0.09,-0.132,0.384504466354847,0.27131550005078314,-0.11318896630406383
CLIP ViT-B/16,clip_vit_b16,level_3,08,dirty_lens_2,Dirty lens 2,0.248,0.13,-0.118,0.35121308687329295,0.2784343270212412,-0.07277875985205173
CLIP ViT-B/16,clip_vit_b16,level_3,05,gaussian_blur,Gaussian blur,0.04,0.01,-0.03,0.14999143588542937,0.13472759478539229,-0.01526384110003709
CLIP ViT-B/16,clip_vit_b16,level_3,04,overexposure,Overexposure,0.218,0.13,-0.088,0.36684331895411015,0.33384158204495906,-0.03300173690915109
CLIP ViT-B/16,clip_vit_b16,level_3,02,resize,Resize,0.442,0.308,-0.134,0.5249632430970669,0.45005790574848653,-0.07490533734858035
CLIP ViT-B/16,clip_vit_b16,level_3,09,salt_pepper_noise,Salt & pepper noise,0.098,0.046,-0.052000000000000005,0.22027599838376044,0.20117477336525916,-0.019101225018501283
CLIP ViT-B/16,clip_vit_b16,level_3,03,underexposure,Underexposure,0.37,0.236,-0.134,0.4180526995882392,0.32613365090638397,-0.09191904868185524
CLIP ViT-B/16,clip_vit_b16,level_4,06,contrast,Contrast,0.274,0.164,-0.11000000000000001,0.40516433872282503,0.3452981636822224,-0.059866175040602654
CLIP ViT-B/16,clip_vit_b16,level_4,07,dirty_lens_1,Dirty lens 1,0.142,0.048,-0.09399999999999999,0.33658944387733936,0.24473609966039658,-0.09185334421694277
CLIP ViT-B/16,clip_vit_b16,level_4,08,dirty_lens_2,Dirty lens 2,0.21,0.104,-0.106,0.34023136194050313,0.28601260130107403,-0.0542187606394291
CLIP ViT-B/16,clip_vit_b16,level_4,05,gaussian_blur,Gaussian blur,0.02,0.012,-0.008,0.15963073471188546,0.12347936835885048,-0.03615136635303498
CLIP ViT-B/16,clip_vit_b16,level_4,04,overexposure,Overexposure,0.18,0.114,-0.06599999999999999,0.33952318570017814,0.30360163819789887,-0.03592154750227927
CLIP ViT-B/16,clip_vit_b16,level_4,02,resize,Resize,0.424,0.304,-0.12,0.5294322046637535,0.449659927085042,-0.07977227757871153
CLIP ViT-B/16,clip_vit_b16,level_4,09,salt_pepper_noise,Salt & pepper noise,0.034,0.016,-0.018000000000000002,0.15541592290997505,0.20790345184504985,0.0524875289350748
CLIP ViT-B/16,clip_vit_b16,level_4,03,underexposure,Underexposure,0.316,0.192,-0.124,0.3586168154552579,0.30179919900745156,-0.05681761644780636
CLIP ViT-B/16,clip_vit_b16,level_5,06,contrast,Contrast,0.268,0.152,-0.11600000000000002,0.3922141193151474,0.3402039598226547,-0.05201015949249266
CLIP ViT-B/16,clip_vit_b16,level_5,07,dirty_lens_1,Dirty lens 1,0.08,0.024,-0.056,0.32172975090146066,0.24093687224388122,-0.08079287865757945
CLIP ViT-B/16,clip_vit_b16,level_5,08,dirty_lens_2,Dirty lens 2,0.188,0.072,-0.116,0.2940233000069857,0.2727589488178492,-0.0212643511891365
CLIP ViT-B/16,clip_vit_b16,level_5,05,gaussian_blur,Gaussian blur,0.02,0.014,-0.006,0.13825806017220021,0.12194767855852842,-0.016310381613671793
CLIP ViT-B/16,clip_vit_b16,level_5,04,overexposure,Overexposure,0.158,0.074,-0.084,0.3111028780713677,0.31043176516890525,-0.0006711129024624674
CLIP ViT-B/16,clip_vit_b16,level_5,09,salt_pepper_noise,Salt & pepper noise,0.01,0.01,0.0,0.09720764323323965,0.2612917869091034,0.16408414367586371
CLIP ViT-B/16,clip_vit_b16,level_5,03,underexposure,Underexposure,0.19,0.132,-0.057999999999999996,0.2880705142840743,0.2638157967552543,-0.024254717528820025
CLIP ViT-B/32,clip_vit_b32,level_1,06,contrast,Contrast,0.292,0.166,-0.12599999999999997,0.4232829729020596,0.35967071394622324,-0.06361225895583633
CLIP ViT-B/32,clip_vit_b32,level_1,07,dirty_lens_1,Dirty lens 1,0.294,0.146,-0.148,0.4282282344251871,0.35802735379338263,-0.07020088063180446
CLIP ViT-B/32,clip_vit_b32,level_1,08,dirty_lens_2,Dirty lens 2,0.264,0.112,-0.15200000000000002,0.4288836687207222,0.3344154953211546,-0.09446817339956759
CLIP ViT-B/32,clip_vit_b32,level_1,05,gaussian_blur,Gaussian blur,0.186,0.068,-0.118,0.2638576023578644,0.20366721053421497,-0.06019039182364941
CLIP ViT-B/32,clip_vit_b32,level_1,04,overexposure,Overexposure,0.326,0.204,-0.12200000000000003,0.46133755715191366,0.39030373108386995,-0.0710338260680437
CLIP ViT-B/32,clip_vit_b32,level_1,02,resize,Resize,0.346,0.226,-0.11999999999999997,0.46234070850908754,0.37479156218469145,-0.08754914632439609
CLIP ViT-B/32,clip_vit_b32,level_1,09,salt_pepper_noise,Salt & pepper noise,0.262,0.112,-0.15000000000000002,0.40873010782897473,0.3086503601819277,-0.10007974764704702
CLIP ViT-B/32,clip_vit_b32,level_1,03,underexposure,Underexposure,0.352,0.1963927855711423,-0.1556072144288577,0.41813403594493864,0.3347845951726059,-0.08334944077233275
CLIP ViT-B/32,clip_vit_b32,level_2,06,contrast,Contrast,0.25,0.162,-0.088,0.38714415596425533,0.3685885144621134,-0.01855564150214195
CLIP ViT-B/32,clip_vit_b32,level_2,07,dirty_lens_1,Dirty lens 1,0.24,0.106,-0.134,0.3842899671047926,0.32023956145346166,-0.06405040565133091
CLIP ViT-B/32,clip_vit_b32,level_2,08,dirty_lens_2,Dirty lens 2,0.252,0.096,-0.156,0.37224543388187886,0.2820849375873804,-0.09016049629449846
CLIP ViT-B/32,clip_vit_b32,level_2,05,gaussian_blur,Gaussian blur,0.076,0.024,-0.052,0.16191525059193373,0.1341897336319089,-0.027725516960024843
CLIP ViT-B/32,clip_vit_b32,level_2,04,overexposure,Overexposure,0.204,0.136,-0.06799999999999998,0.3889308162778616,0.3466681603416801,-0.042262655936181504
CLIP ViT-B/32,clip_vit_b32,level_2,02,resize,Resize,0.344,0.222,-0.12199999999999997,0.45912434861063955,0.3730537034869194,-0.08607064512372015
CLIP ViT-B/32,clip_vit_b32,level_2,09,salt_pepper_noise,Salt & pepper noise,0.184,0.062,-0.122,0.33755473589152096,0.27346058551967145,-0.06409415037184951
CLIP ViT-B/32,clip_vit_b32,level_2,03,underexposure,Underexposure,0.364,0.198,-0.16599999999999998,0.39844222320616246,0.32528700929880144,-0.07315521390736102
CLIP ViT-B/32,clip_vit_b32,level_3,06,contrast,Contrast,0.232,0.128,-0.10400000000000001,0.36713916912674904,0.3672373480126262,9.817888587715373e-05
CLIP ViT-B/32,clip_vit_b32,level_3,07,dirty_lens_1,Dirty lens 1,0.172,0.056,-0.11599999999999999,0.34763756915926936,0.2875926621854305,-0.06004490697383885
CLIP ViT-B/32,clip_vit_b32,level_3,08,dirty_lens_2,Dirty lens 2,0.232,0.092,-0.14,0.3120614737793803,0.24573663567006587,-0.06632483810931444
CLIP ViT-B/32,clip_vit_b32,level_3,05,gaussian_blur,Gaussian blur,0.048,0.012,-0.036000000000000004,0.1708751822039485,0.20609378701448441,0.0352186048105359
CLIP ViT-B/32,clip_vit_b32,level_3,04,overexposure,Overexposure,0.168,0.112,-0.05600000000000001,0.38002441567182543,0.32377334040403366,-0.05625107526779177
CLIP ViT-B/32,clip_vit_b32,level_3,02,resize,Resize,0.34,0.222,-0.11800000000000002,0.46468965864181516,0.37319968864321706,-0.0914899699985981
CLIP ViT-B/32,clip_vit_b32,level_3,09,salt_pepper_noise,Salt & pepper noise,0.094,0.024,-0.07,0.24311857441067697,0.264834694981575,0.021716120570898056
CLIP ViT-B/32,clip_vit_b32,level_3,03,underexposure,Underexposure,0.344,0.168,-0.17599999999999996,0.3738822904899716,0.318954331189394,-0.054927959300577645
CLIP ViT-B/32,clip_vit_b32,level_4,06,contrast,Contrast,0.206,0.128,-0.07799999999999999,0.3584571428745985,0.3570973968729377,-0.0013597460016608331
CLIP ViT-B/32,clip_vit_b32,level_4,07,dirty_lens_1,Dirty lens 1,0.1,0.028,-0.07200000000000001,0.33929038286209107,0.2541220678091049,-0.08516831505298617
CLIP ViT-B/32,clip_vit_b32,level_4,08,dirty_lens_2,Dirty lens 2,0.21,0.07,-0.13999999999999999,0.2733653256893158,0.233124402821064,-0.040240922868251816
CLIP ViT-B/32,clip_vit_b32,level_4,05,gaussian_blur,Gaussian blur,0.026,0.012,-0.013999999999999999,0.20554242308437826,0.20793365828692914,0.0023912352025508843
CLIP ViT-B/32,clip_vit_b32,level_4,04,overexposure,Overexposure,0.144,0.078,-0.06599999999999999,0.3337931908667088,0.31584650960564614,-0.017946681261062636
CLIP ViT-B/32,clip_vit_b32,level_4,02,resize,Resize,0.334,0.218,-0.11600000000000002,0.4711236474663019,0.3680821290910244,-0.10304151837527753
CLIP ViT-B/32,clip_vit_b32,level_4,09,salt_pepper_noise,Salt & pepper noise,0.024,0.008,-0.016,0.1720137958675623,0.3187913933545351,0.1467775974869728
CLIP ViT-B/32,clip_vit_b32,level_4,03,underexposure,Underexposure,0.284,0.128,-0.15599999999999997,0.34295693451911213,0.33063132797181605,-0.012325606547296086
CLIP ViT-B/32,clip_vit_b32,level_5,06,contrast,Contrast,0.19,0.122,-0.068,0.3467228182256222,0.3449710269495845,-0.0017517912760376952
CLIP ViT-B/32,clip_vit_b32,level_5,07,dirty_lens_1,Dirty lens 1,0.05,0.016,-0.034,0.29243626157939434,0.23510963858664036,-0.057326622992753984
CLIP ViT-B/32,clip_vit_b32,level_5,08,dirty_lens_2,Dirty lens 2,0.126,0.048,-0.078,0.2321600257754326,0.20328372918069362,-0.028876296594738976
CLIP ViT-B/32,clip_vit_b32,level_5,05,gaussian_blur,Gaussian blur,0.014,0.01,-0.004,0.2052462061420083,0.19634294831752777,-0.008903257824480537
CLIP ViT-B/32,clip_vit_b32,level_5,04,overexposure,Overexposure,0.114,0.068,-0.046,0.3103926691263914,0.33274543936550616,0.02235277023911475
CLIP ViT-B/32,clip_vit_b32,level_5,09,salt_pepper_noise,Salt & pepper noise,0.006,0.01,0.004,0.1266228765398264,0.418802252009511,0.2921793754696846
CLIP ViT-B/32,clip_vit_b32,level_5,03,underexposure,Underexposure,0.174,0.09,-0.08399999999999999,0.2620486635565758,0.2951436529457569,0.033094989389181095
ConvNeXt-Tiny Prototype,convnext_tiny_fb_in1k_prototype,level_1,06,contrast,Contrast,0.572,0.426,-0.14599999999999996,0.013584183095023036,0.013149672789499163,-0.0004345103055238726
ConvNeXt-Tiny Prototype,convnext_tiny_fb_in1k_prototype,level_1,07,dirty_lens_1,Dirty lens 1,0.562,0.432,-0.13000000000000006,0.013052291754633188,0.012634485812857747,-0.0004178059417754409
ConvNeXt-Tiny Prototype,convnext_tiny_fb_in1k_prototype,level_1,08,dirty_lens_2,Dirty lens 2,0.552,0.38,-0.17200000000000004,0.012908288300037384,0.0123785860799253,-0.0005297022201120848
ConvNeXt-Tiny Prototype,convnext_tiny_fb_in1k_prototype,level_1,05,gaussian_blur,Gaussian blur,0.206,0.102,-0.104,0.011840146115049719,0.011612333741039038,-0.0002278123740106809
ConvNeXt-Tiny Prototype,convnext_tiny_fb_in1k_prototype,level_1,04,overexposure,Overexposure,0.606,0.472,-0.134,0.013834083637222648,0.013351020887494087,-0.0004830627497285616
ConvNeXt-Tiny Prototype,convnext_tiny_fb_in1k_prototype,level_1,02,resize,Resize,0.604,0.49,-0.11399999999999999,0.013913114029914141,0.013472997359931469,-0.0004401166699826726
ConvNeXt-Tiny Prototype,convnext_tiny_fb_in1k_prototype,level_1,09,salt_pepper_noise,Salt & pepper noise,0.476,0.254,-0.22199999999999998,0.012849337795749307,0.012051481042057275,-0.000797856753692032
ConvNeXt-Tiny Prototype,convnext_tiny_fb_in1k_prototype,level_1,03,underexposure,Underexposure,0.58,0.45490981963927857,-0.1250901803607214,0.01375908706523478,0.013303187246507179,-0.00045589981872760227
ConvNeXt-Tiny Prototype,convnext_tiny_fb_in1k_prototype,level_2,06,contrast,Contrast,0.528,0.378,-0.15000000000000002,0.013367568181827664,0.012966486329212785,-0.00040108185261487905
ConvNeXt-Tiny Prototype,convnext_tiny_fb_in1k_prototype,level_2,07,dirty_lens_1,Dirty lens 1,0.532,0.36,-0.17200000000000004,0.012622900685295462,0.012135029474273324,-0.0004878712110221381
ConvNeXt-Tiny Prototype,convnext_tiny_fb_in1k_prototype,level_2,08,dirty_lens_2,Dirty lens 2,0.518,0.332,-0.186,0.012749124417081476,0.012203598605468869,-0.0005455258116126068
ConvNeXt-Tiny Prototype,convnext_tiny_fb_in1k_prototype,level_2,05,gaussian_blur,Gaussian blur,0.066,0.032,-0.034,0.0113285205475986,0.010921949142590166,-0.00040657140500843444
ConvNeXt-Tiny Prototype,convnext_tiny_fb_in1k_prototype,level_2,04,overexposure,Overexposure,0.524,0.364,-0.16000000000000003,0.013325595958158375,0.012710629908367991,-0.0006149660497903834
ConvNeXt-Tiny Prototype,convnext_tiny_fb_in1k_prototype,level_2,02,resize,Resize,0.598,0.472,-0.126,0.01389891974441707,0.013442694135010242,-0.00045622560940682816
ConvNeXt-Tiny Prototype,convnext_tiny_fb_in1k_prototype,level_2,09,salt_pepper_noise,Salt & pepper noise,0.38,0.148,-0.232,0.012165478290989995,0.011552728664129973,-0.0006127496268600215
ConvNeXt-Tiny Prototype,convnext_tiny_fb_in1k_prototype,level_2,03,underexposure,Underexposure,0.574,0.456,-0.11799999999999994,0.013831276282668113,0.01327911247499287,-0.0005521638076752423
ConvNeXt-Tiny Prototype,convnext_tiny_fb_in1k_prototype,level_3,06,contrast,Contrast,0.488,0.36,-0.128,0.013231671480461955,0.01287587507069111,-0.00035579640977084596
ConvNeXt-Tiny Prototype,convnext_tiny_fb_in1k_prototype,level_3,07,dirty_lens_1,Dirty lens 1,0.458,0.234,-0.224,0.012165486313402652,0.0117786593940109,-0.0003868269193917518
ConvNeXt-Tiny Prototype,convnext_tiny_fb_in1k_prototype,level_3,08,dirty_lens_2,Dirty lens 2,0.486,0.292,-0.194,0.01256526118516922,0.012005113521590829,-0.0005601476635783906
ConvNeXt-Tiny Prototype,convnext_tiny_fb_in1k_prototype,level_3,05,gaussian_blur,Gaussian blur,0.03,0.016,-0.013999999999999999,0.011313025534152985,0.011005112271755933,-0.00030791326239705194
ConvNeXt-Tiny Prototype,convnext_tiny_fb_in1k_prototype,level_3,04,overexposure,Overexposure,0.458,0.284,-0.17400000000000004,0.012872363878414035,0.012419871475547552,-0.00045249240286648375
ConvNeXt-Tiny Prototype,convnext_tiny_fb_in1k_prototype,level_3,02,resize,Resize,0.582,0.466,-0.11599999999999994,0.013789861449971795,0.013329273033887147,-0.00046058841608464726
ConvNeXt-Tiny Prototype,convnext_tiny_fb_in1k_prototype,level_3,09,salt_pepper_noise,Salt & pepper noise,0.226,0.078,-0.14800000000000002,0.011626624638214707,0.011074049035087227,-0.0005525756031274798
ConvNeXt-Tiny Prototype,convnext_tiny_fb_in1k_prototype,level_3,03,underexposure,Underexposure,0.578,0.46,-0.11799999999999994,0.013839649317786097,0.013235296070575714,-0.0006043532472103826
ConvNeXt-Tiny Prototype,convnext_tiny_fb_in1k_prototype,level_4,06,contrast,Contrast,0.466,0.35,-0.11600000000000005,0.013139451270923018,0.01280028273165226,-0.00033916853927075906
ConvNeXt-Tiny Prototype,convnext_tiny_fb_in1k_prototype,level_4,07,dirty_lens_1,Dirty lens 1,0.342,0.138,-0.20400000000000001,0.011705054581165313,0.011394873509183527,-0.0003101810719817865
ConvNeXt-Tiny Prototype,convnext_tiny_fb_in1k_prototype,level_4,08,dirty_lens_2,Dirty lens 2,0.442,0.252,-0.19,0.012233263839036227,0.01176899811811745,-0.00046426572091877623
ConvNeXt-Tiny Prototype,convnext_tiny_fb_in1k_prototype,level_4,05,gaussian_blur,Gaussian blur,0.016,0.014,-0.002,0.011312786407768727,0.011127449940890074,-0.00018533646687865328
ConvNeXt-Tiny Prototype,convnext_tiny_fb_in1k_prototype,level_4,04,overexposure,Overexposure,0.372,0.22,-0.152,0.012631240874528885,0.01215281748212874,-0.00047842339240014575
ConvNeXt-Tiny Prototype,convnext_tiny_fb_in1k_prototype,level_4,02,resize,Resize,0.56,0.424,-0.13600000000000007,0.013577267067506909,0.01312038204073906,-0.000456885026767849
ConvNeXt-Tiny Prototype,convnext_tiny_fb_in1k_prototype,level_4,09,salt_pepper_noise,Salt & pepper noise,0.088,0.028,-0.06,0.011243987387046218,0.01082956805638969,-0.00041441933065652914
ConvNeXt-Tiny Prototype,convnext_tiny_fb_in1k_prototype,level_4,03,underexposure,Underexposure,0.57,0.462,-0.10799999999999993,0.013711225802078843,0.01313837737031281,-0.0005728484317660335
ConvNeXt-Tiny Prototype,convnext_tiny_fb_in1k_prototype,level_5,06,contrast,Contrast,0.462,0.344,-0.11800000000000005,0.013050151428207755,0.012706978537142278,-0.0003431728910654776
ConvNeXt-Tiny Prototype,convnext_tiny_fb_in1k_prototype,level_5,07,dirty_lens_1,Dirty lens 1,0.192,0.056,-0.136,0.01132381790690124,0.011104733508080245,-0.00021908439882099492
ConvNeXt-Tiny Prototype,convnext_tiny_fb_in1k_prototype,level_5,08,dirty_lens_2,Dirty lens 2,0.4,0.194,-0.20600000000000002,0.011900360561907292,0.011485210763290524,-0.0004151497986167683
ConvNeXt-Tiny Prototype,convnext_tiny_fb_in1k_prototype,level_5,05,gaussian_blur,Gaussian blur,0.014,0.012,-0.002,0.011401761412620545,0.011246481383219362,-0.00015528002940118357
ConvNeXt-Tiny Prototype,convnext_tiny_fb_in1k_prototype,level_5,04,overexposure,Overexposure,0.316,0.182,-0.134,0.012447811575606465,0.012027276538312434,-0.00042053503729403037
ConvNeXt-Tiny Prototype,convnext_tiny_fb_in1k_prototype,level_5,09,salt_pepper_noise,Salt & pepper noise,0.014,0.008,-0.006,0.01099099644459784,0.010693569242954254,-0.00029742720164358666
ConvNeXt-Tiny Prototype,convnext_tiny_fb_in1k_prototype,level_5,03,underexposure,Underexposure,0.522,0.418,-0.10400000000000004,0.013249391812831163,0.012848767083138228,-0.000400624729692935
DINOv2 ViT-S/14 Prototype,dinov2_vit_small_patch14_prototype,level_1,06,contrast,Contrast,0.746,0.718,-0.028000000000000025,0.015534576293081045,0.015163333529606462,-0.00037124276347458296
DINOv2 ViT-S/14 Prototype,dinov2_vit_small_patch14_prototype,level_1,07,dirty_lens_1,Dirty lens 1,0.718,0.646,-0.07199999999999995,0.01483172851242125,0.014224980803206564,-0.0006067477092146865
DINOv2 ViT-S/14 Prototype,dinov2_vit_small_patch14_prototype,level_1,08,dirty_lens_2,Dirty lens 2,0.662,0.586,-0.07600000000000007,0.014466333592310547,0.013882390756160021,-0.000583942836150526
DINOv2 ViT-S/14 Prototype,dinov2_vit_small_patch14_prototype,level_1,05,gaussian_blur,Gaussian blur,0.198,0.13,-0.068,0.012766807714477182,0.012426547540351749,-0.00034026017412543304
DINOv2 ViT-S/14 Prototype,dinov2_vit_small_patch14_prototype,level_1,04,overexposure,Overexposure,0.746,0.724,-0.02200000000000002,0.015773811608552932,0.015454233003780246,-0.000319578604772686
DINOv2 ViT-S/14 Prototype,dinov2_vit_small_patch14_prototype,level_1,02,resize,Resize,0.746,0.732,-0.014000000000000012,0.015914695471525193,0.015579449400305747,-0.0003352460712194461
DINOv2 ViT-S/14 Prototype,dinov2_vit_small_patch14_prototype,level_1,09,salt_pepper_noise,Salt & pepper noise,0.434,0.146,-0.28800000000000003,0.012920671563595533,0.01195487918332219,-0.0009657923802733424
DINOv2 ViT-S/14 Prototype,dinov2_vit_small_patch14_prototype,level_1,03,underexposure,Underexposure,0.75,0.7334669338677354,-0.016533066132264573,0.015842118157073856,0.015510557779299472,-0.00033156037777438453
DINOv2 ViT-S/14 Prototype,dinov2_vit_small_patch14_prototype,level_2,06,contrast,Contrast,0.714,0.684,-0.029999999999999916,0.015149419376626611,0.014663578294217586,-0.0004858410824090248
DINOv2 ViT-S/14 Prototype,dinov2_vit_small_patch14_prototype,level_2,07,dirty_lens_1,Dirty lens 1,0.624,0.488,-0.136,0.01392535288259387,0.013179368501529098,-0.0007459843810647716
DINOv2 ViT-S/14 Prototype,dinov2_vit_small_patch14_prototype,level_2,08,dirty_lens_2,Dirty lens 2,0.6,0.51,-0.08999999999999997,0.014028558380901814,0.01339989847689867,-0.0006286599040031433
DINOv2 ViT-S/14 Prototype,dinov2_vit_small_patch14_prototype,level_2,05,gaussian_blur,Gaussian blur,0.032,0.02,-0.012,0.012187401039525866,0.012046468337997794,-0.0001409327015280716
DINOv2 ViT-S/14 Prototype,dinov2_vit_small_patch14_prototype,level_2,04,overexposure,Overexposure,0.606,0.516,-0.08999999999999997,0.014309350544586777,0.013801909325644374,-0.0005074412189424032
DINOv2 ViT-S/14 Prototype,dinov2_vit_small_patch14_prototype,level_2,02,resize,Resize,0.74,0.724,-0.016000000000000014,0.015813070729374885,0.015488121056929231,-0.00032494967244565444
DINOv2 ViT-S/14 Prototype,dinov2_vit_small_patch14_prototype,level_2,09,salt_pepper_noise,Salt & pepper noise,0.138,0.046,-0.09200000000000001,0.01201249735429883,0.01130779779329896,-0.0007046995609998712
DINOv2 ViT-S/14 Prototype,dinov2_vit_small_patch14_prototype,level_2,03,underexposure,Underexposure,0.74,0.722,-0.018000000000000016,0.01578445646353066,0.015467301223427057,-0.0003171552401036032
DINOv2 ViT-S/14 Prototype,dinov2_vit_small_patch14_prototype,level_3,06,contrast,Contrast,0.688,0.61,-0.07799999999999996,0.014846050420776009,0.01431508550606668,-0.0005309649147093292
DINOv2 ViT-S/14 Prototype,dinov2_vit_small_patch14_prototype,level_3,07,dirty_lens_1,Dirty lens 1,0.476,0.32,-0.15599999999999997,0.01306253271177411,0.012283404313027858,-0.0007791283987462518
DINOv2 ViT-S/14 Prototype,dinov2_vit_small_patch14_prototype,level_3,08,dirty_lens_2,Dirty lens 2,0.58,0.464,-0.11599999999999994,0.013667390644550324,0.013037553695961834,-0.0006298369485884907
DINOv2 ViT-S/14 Prototype,dinov2_vit_small_patch14_prototype,level_3,05,gaussian_blur,Gaussian blur,0.01,0.008,-0.002,0.012299795333296061,0.012129916604608297,-0.00016987872868776469
DINOv2 ViT-S/14 Prototype,dinov2_vit_small_patch14_prototype,level_3,04,overexposure,Overexposure,0.488,0.378,-0.10999999999999999,0.013642925761640072,0.013172777142375707,-0.0004701486192643656
DINOv2 ViT-S/14 Prototype,dinov2_vit_small_patch14_prototype,level_3,02,resize,Resize,0.724,0.71,-0.014000000000000012,0.01569602870568633,0.01537163207679987,-0.00032439662888645963
DINOv2 ViT-S/14 Prototype,dinov2_vit_small_patch14_prototype,level_3,09,salt_pepper_noise,Salt & pepper noise,0.048,0.006,-0.042,0.011536009564995765,0.011080825367942453,-0.000455184197053312
DINOv2 ViT-S/14 Prototype,dinov2_vit_small_patch14_prototype,level_3,03,underexposure,Underexposure,0.736,0.72,-0.016000000000000014,0.015619091307744384,0.015315186033025384,-0.00030390527471899943
DINOv2 ViT-S/14 Prototype,dinov2_vit_small_patch14_prototype,level_4,06,contrast,Contrast,0.65,0.556,-0.09399999999999997,0.014586491402238607,0.014039588132873178,-0.0005469032693654289
DINOv2 ViT-S/14 Prototype,dinov2_vit_small_patch14_prototype,level_4,07,dirty_lens_1,Dirty lens 1,0.304,0.16,-0.144,0.01218104294128716,0.011593535857275128,-0.0005875070840120327
DINOv2 ViT-S/14 Prototype,dinov2_vit_small_patch14_prototype,level_4,08,dirty_lens_2,Dirty lens 2,0.502,0.382,-0.12,0.013171716548502445,0.012640156209468841,-0.0005315603390336036
DINOv2 ViT-S/14 Prototype,dinov2_vit_small_patch14_prototype,level_4,05,gaussian_blur,Gaussian blur,0.01,0.01,0.0,0.012058903630822897,0.011872285610064865,-0.00018661802075803195
DINOv2 ViT-S/14 Prototype,dinov2_vit_small_patch14_prototype,level_4,04,overexposure,Overexposure,0.408,0.298,-0.10999999999999999,0.013250180330127478,0.012754973078146577,-0.0004952072519809007
DINOv2 ViT-S/14 Prototype,dinov2_vit_small_patch14_prototype,level_4,02,resize,Resize,0.714,0.688,-0.026000000000000023,0.015522619131952525,0.015184742765501141,-0.00033787636645138397
DINOv2 ViT-S/14 Prototype,dinov2_vit_small_patch14_prototype,level_4,09,salt_pepper_noise,Salt & pepper noise,0.006,0.01,0.004,0.011105350062251091,0.010971644204109907,-0.00013370585814118444
DINOv2 ViT-S/14 Prototype,dinov2_vit_small_patch14_prototype,level_4,03,underexposure,Underexposure,0.722,0.69,-0.03200000000000003,0.01531031634658575,0.015007444024085999,-0.00030287232249975177
DINOv2 ViT-S/14 Prototype,dinov2_vit_small_patch14_prototype,level_5,06,contrast,Contrast,0.61,0.508,-0.10199999999999998,0.014388866322115064,0.013856250520795584,-0.0005326158013194797
DINOv2 ViT-S/14 Prototype,dinov2_vit_small_patch14_prototype,level_5,07,dirty_lens_1,Dirty lens 1,0.126,0.05,-0.076,0.011598734389990569,0.011294395316392184,-0.000304339073598385
DINOv2 ViT-S/14 Prototype,dinov2_vit_small_patch14_prototype,level_5,08,dirty_lens_2,Dirty lens 2,0.364,0.27,-0.09399999999999997,0.012532710418105126,0.01209163522347808,-0.0004410751946270462
DINOv2 ViT-S/14 Prototype,dinov2_vit_small_patch14_prototype,level_5,05,gaussian_blur,Gaussian blur,0.01,0.01,0.0,0.012021644692867994,0.01180378468707204,-0.00021786000579595427
DINOv2 ViT-S/14 Prototype,dinov2_vit_small_patch14_prototype,level_5,04,overexposure,Overexposure,0.354,0.24,-0.11399999999999999,0.012926912233233452,0.012437923537567258,-0.000488988695666194
DINOv2 ViT-S/14 Prototype,dinov2_vit_small_patch14_prototype,level_5,09,salt_pepper_noise,Salt & pepper noise,0.01,0.008,-0.002,0.011008213222026825,0.010951613282784819,-5.659993924200628e-05
DINOv2 ViT-S/14 Prototype,dinov2_vit_small_patch14_prototype,level_5,03,underexposure,Underexposure,0.676,0.636,-0.040000000000000036,0.014496878093108534,0.014267068246379494,-0.00022980984672904027
HGNetV2-B0 Prototype,hgnetv2_b0_prototype,level_1,06,contrast,Contrast,0.542,0.386,-0.15600000000000003,0.013166961140930652,0.012764205187559129,-0.0004027559533715235
HGNetV2-B0 Prototype,hgnetv2_b0_prototype,level_1,07,dirty_lens_1,Dirty lens 1,0.482,0.308,-0.174,0.012438648568466305,0.01223621348105371,-0.00020243508741259533
HGNetV2-B0 Prototype,hgnetv2_b0_prototype,level_1,08,dirty_lens_2,Dirty lens 2,0.498,0.288,-0.21000000000000002,0.012536670926958322,0.012265070671215654,-0.0002716002557426687
HGNetV2-B0 Prototype,hgnetv2_b0_prototype,level_1,05,gaussian_blur,Gaussian blur,0.128,0.06,-0.068,0.012474369008094073,0.012560457060113548,8.608805201947532e-05
HGNetV2-B0 Prototype,hgnetv2_b0_prototype,level_1,04,overexposure,Overexposure,0.578,0.398,-0.17999999999999994,0.013299754390493036,0.012918721018359065,-0.0003810333721339706
HGNetV2-B0 Prototype,hgnetv2_b0_prototype,level_1,02,resize,Resize,0.614,0.444,-0.16999999999999998,0.013387498496100306,0.012999210216104983,-0.0003882882799953226
HGNetV2-B0 Prototype,hgnetv2_b0_prototype,level_1,09,salt_pepper_noise,Salt & pepper noise,0.274,0.136,-0.138,0.012558844612911343,0.012164354111999273,-0.0003944905009120696
HGNetV2-B0 Prototype,hgnetv2_b0_prototype,level_1,03,underexposure,Underexposure,0.55,0.38276553106212424,-0.1672344689378758,0.013296923669055103,0.013005399957060336,-0.0002915237119947671
HGNetV2-B0 Prototype,hgnetv2_b0_prototype,level_2,06,contrast,Contrast,0.472,0.328,-0.14399999999999996,0.013023759797215461,0.012689354721456766,-0.0003344050757586956
HGNetV2-B0 Prototype,hgnetv2_b0_prototype,level_2,07,dirty_lens_1,Dirty lens 1,0.39,0.184,-0.20600000000000002,0.012002498358488083,0.011926600769162177,-7.58975893259059e-05
HGNetV2-B0 Prototype,hgnetv2_b0_prototype,level_2,08,dirty_lens_2,Dirty lens 2,0.416,0.21,-0.206,0.012288518365472555,0.012087412444874645,-0.00020110592059791044
HGNetV2-B0 Prototype,hgnetv2_b0_prototype,level_2,05,gaussian_blur,Gaussian blur,0.016,0.01,-0.006,0.013069149952381849,0.013361818592995406,0.0002926686406135564
HGNetV2-B0 Prototype,hgnetv2_b0_prototype,level_2,04,overexposure,Overexposure,0.404,0.256,-0.14800000000000002,0.012820185504853726,0.0126902767829597,-0.00012990872189402695
HGNetV2-B0 Prototype,hgnetv2_b0_prototype,level_2,02,resize,Resize,0.606,0.436,-0.16999999999999998,0.013387235965579749,0.01299446964636445,-0.0003927663192152993
HGNetV2-B0 Prototype,hgnetv2_b0_prototype,level_2,09,salt_pepper_noise,Salt & pepper noise,0.156,0.048,-0.108,0.012457161145284772,0.012160237906500697,-0.00029692323878407513
HGNetV2-B0 Prototype,hgnetv2_b0_prototype,level_2,03,underexposure,Underexposure,0.524,0.354,-0.17000000000000004,0.013249954473227262,0.013001469142735004,-0.00024848533049225824
HGNetV2-B0 Prototype,hgnetv2_b0_prototype,level_3,06,contrast,Contrast,0.442,0.31,-0.132,0.012914654290303588,0.01260838702134788,-0.00030626726895570736
HGNetV2-B0 Prototype,hgnetv2_b0_prototype,level_3,07,dirty_lens_1,Dirty lens 1,0.246,0.082,-0.16399999999999998,0.011685363229364157,0.01177450016885996,8.913693949580241e-05
HGNetV2-B0 Prototype,hgnetv2_b0_prototype,level_3,08,dirty_lens_2,Dirty lens 2,0.374,0.19,-0.184,0.01213318801485002,0.012045401291921734,-8.77867229282861e-05
HGNetV2-B0 Prototype,hgnetv2_b0_prototype,level_3,05,gaussian_blur,Gaussian blur,0.01,0.01,0.0,0.013354839313775301,0.013483474740758538,0.00012863542698323717
HGNetV2-B0 Prototype,hgnetv2_b0_prototype,level_3,04,overexposure,Overexposure,0.292,0.184,-0.10799999999999998,0.012562071522697806,0.012557013085111975,-5.0584375858309105e-06
HGNetV2-B0 Prototype,hgnetv2_b0_prototype,level_3,02,resize,Resize,0.594,0.424,-0.16999999999999998,0.013349383860826493,0.012978304728865624,-0.00037107913196086917
HGNetV2-B0 Prototype,hgnetv2_b0_prototype,level_3,09,salt_pepper_noise,Salt & pepper noise,0.052,0.012,-0.039999999999999994,0.012552250016480684,0.012464411107823252,-8.783890865743209e-05
HGNetV2-B0 Prototype,hgnetv2_b0_prototype,level_3,03,underexposure,Underexposure,0.466,0.32,-0.14600000000000002,0.01318949158117175,0.012999932846054435,-0.00018955873511731537
HGNetV2-B0 Prototype,hgnetv2_b0_prototype,level_4,06,contrast,Contrast,0.414,0.286,-0.128,0.012821553859859705,0.012546757977455854,-0.00027479588240385093
HGNetV2-B0 Prototype,hgnetv2_b0_prototype,level_4,07,dirty_lens_1,Dirty lens 1,0.126,0.03,-0.096,0.011537697000429035,0.01168014749698341,0.00014245049655437457
HGNetV2-B0 Prototype,hgnetv2_b0_prototype,level_4,08,dirty_lens_2,Dirty lens 2,0.306,0.142,-0.164,0.011999050190672279,0.0120051393173635,6.089126691220803e-06
HGNetV2-B0 Prototype,hgnetv2_b0_prototype,level_4,05,gaussian_blur,Gaussian blur,0.01,0.01,0.0,0.013434454005211592,0.013517483768984675,8.302976377308306e-05
HGNetV2-B0 Prototype,hgnetv2_b0_prototype,level_4,04,overexposure,Overexposure,0.196,0.136,-0.06,0.012404788091778755,0.012535884857177734,0.00013109676539897926
HGNetV2-B0 Prototype,hgnetv2_b0_prototype,level_4,02,resize,Resize,0.582,0.406,-0.17599999999999993,0.01327581712976098,0.012929800236597656,-0.0003460168931633239
HGNetV2-B0 Prototype,hgnetv2_b0_prototype,level_4,09,salt_pepper_noise,Salt & pepper noise,0.01,0.01,0.0,0.013154917011037468,0.013013590754941106,-0.00014132625609636178
HGNetV2-B0 Prototype,hgnetv2_b0_prototype,level_4,03,underexposure,Underexposure,0.354,0.254,-0.09999999999999998,0.013121135542169213,0.013013185562565923,-0.00010794997960329039
HGNetV2-B0 Prototype,hgnetv2_b0_prototype,level_5,06,contrast,Contrast,0.394,0.264,-0.13,0.012753992334008217,0.012480624930933118,-0.0002733674030750994
HGNetV2-B0 Prototype,hgnetv2_b0_prototype,level_5,07,dirty_lens_1,Dirty lens 1,0.054,0.012,-0.041999999999999996,0.011435845138505102,0.011770219197496773,0.00033437405899167105
HGNetV2-B0 Prototype,hgnetv2_b0_prototype,level_5,08,dirty_lens_2,Dirty lens 2,0.248,0.12,-0.128,0.011837964531034232,0.011890240643173457,5.2276112139225395e-05
HGNetV2-B0 Prototype,hgnetv2_b0_prototype,level_5,05,gaussian_blur,Gaussian blur,0.01,0.01,0.0,0.013485313763841987,0.013543634157627821,5.8320393785834396e-05
HGNetV2-B0 Prototype,hgnetv2_b0_prototype,level_5,04,overexposure,Overexposure,0.152,0.092,-0.06,0.012360324082896114,0.012492598541080951,0.00013227445818483723
HGNetV2-B0 Prototype,hgnetv2_b0_prototype,level_5,09,salt_pepper_noise,Salt & pepper noise,0.01,0.01,0.0,0.013421479808166624,0.013042702246457339,-0.00037877756170928527
HGNetV2-B0 Prototype,hgnetv2_b0_prototype,level_5,03,underexposure,Underexposure,0.186,0.144,-0.04200000000000001,0.013104728665202856,0.013076341273263096,-2.838739193975967e-05
MobileNetV3-Small Prototype,mobilenet_v3_small_prototype,level_1,06,contrast,Contrast,0.464,0.218,-0.24600000000000002,0.011911985460668802,0.01178228909149766,-0.0001296963691711419
MobileNetV3-Small Prototype,mobilenet_v3_small_prototype,level_1,07,dirty_lens_1,Dirty lens 1,0.372,0.156,-0.216,0.011601200656965375,0.011560759602114558,-4.044105485081703e-05
MobileNetV3-Small Prototype,mobilenet_v3_small_prototype,level_1,08,dirty_lens_2,Dirty lens 2,0.408,0.18,-0.22799999999999998,0.01165373569354415,0.011530890071764588,-0.00012284562177956176
MobileNetV3-Small Prototype,mobilenet_v3_small_prototype,level_1,05,gaussian_blur,Gaussian blur,0.104,0.074,-0.03,0.011810354413464666,0.011805325554683804,-5.028858780861331e-06
MobileNetV3-Small Prototype,mobilenet_v3_small_prototype,level_1,04,overexposure,Overexposure,0.488,0.238,-0.25,0.011887140421196818,0.011758852645754814,-0.0001282877754420035
MobileNetV3-Small Prototype,mobilenet_v3_small_prototype,level_1,02,resize,Resize,0.552,0.278,-0.274,0.011932515062391758,0.01176732698455453,-0.00016518807783722812
MobileNetV3-Small Prototype,mobilenet_v3_small_prototype,level_1,09,salt_pepper_noise,Salt & pepper noise,0.192,0.088,-0.10400000000000001,0.011814772019162773,0.011344115266576409,-0.0004706567525863646
MobileNetV3-Small Prototype,mobilenet_v3_small_prototype,level_1,03,underexposure,Underexposure,0.502,0.2545090180360721,-0.24749098196392788,0.011980162303894757,0.011835102348370041,-0.0001450599555247161
MobileNetV3-Small Prototype,mobilenet_v3_small_prototype,level_2,06,contrast,Contrast,0.368,0.184,-0.184,0.011937426526099443,0.011892835868522526,-4.459065757691713e-05
MobileNetV3-Small Prototype,mobilenet_v3_small_prototype,level_2,07,dirty_lens_1,Dirty lens 1,0.264,0.106,-0.15800000000000003,0.011473738668486475,0.011482747670263051,9.009001776576209e-06
MobileNetV3-Small Prototype,mobilenet_v3_small_prototype,level_2,08,dirty_lens_2,Dirty lens 2,0.338,0.144,-0.19400000000000003,0.011570208096876741,0.01149838425964117,-7.182383723557118e-05
MobileNetV3-Small Prototype,mobilenet_v3_small_prototype,level_2,05,gaussian_blur,Gaussian blur,0.028,0.016,-0.012,0.012383855493739247,0.012398230334743857,1.4374841004610728e-05
MobileNetV3-Small Prototype,mobilenet_v3_small_prototype,level_2,04,overexposure,Overexposure,0.312,0.132,-0.18,0.011734386561438442,0.0117636317294091,2.924516797065714e-05
MobileNetV3-Small Prototype,mobilenet_v3_small_prototype,level_2,02,resize,Resize,0.548,0.274,-0.274,0.011931301275268197,0.011770726339891553,-0.00016057493537664433
MobileNetV3-Small Prototype,mobilenet_v3_small_prototype,level_2,09,salt_pepper_noise,Salt & pepper noise,0.106,0.044,-0.062,0.011811250541359185,0.01124012546427548,-0.0005711250770837062
MobileNetV3-Small Prototype,mobilenet_v3_small_prototype,level_2,03,underexposure,Underexposure,0.474,0.244,-0.22999999999999998,0.011995658768340946,0.011864159660413862,-0.00013149910792708414
MobileNetV3-Small Prototype,mobilenet_v3_small_prototype,level_3,06,contrast,Contrast,0.332,0.168,-0.164,0.011935374226421118,0.011905572244897484,-2.9801981523634377e-05
MobileNetV3-Small Prototype,mobilenet_v3_small_prototype,level_3,07,dirty_lens_1,Dirty lens 1,0.182,0.05,-0.132,0.011392343120649457,0.011387074621394277,-5.268499255179845e-06
MobileNetV3-Small Prototype,mobilenet_v3_small_prototype,level_3,08,dirty_lens_2,Dirty lens 2,0.302,0.104,-0.198,0.0115530662573874,0.01150098050944507,-5.2085747942329924e-05
MobileNetV3-Small Prototype,mobilenet_v3_small_prototype,level_3,05,gaussian_blur,Gaussian blur,0.01,0.01,0.0,0.012864085340872407,0.012962018532678485,9.793319180607767e-05
MobileNetV3-Small Prototype,mobilenet_v3_small_prototype,level_3,04,overexposure,Overexposure,0.224,0.09,-0.134,0.011681185211986304,0.011846656739711761,0.00016547152772545745
MobileNetV3-Small Prototype,mobilenet_v3_small_prototype,level_3,02,resize,Resize,0.546,0.268,-0.278,0.011931751359254122,0.011773799074813724,-0.00015795228444039772
MobileNetV3-Small Prototype,mobilenet_v3_small_prototype,level_3,09,salt_pepper_noise,Salt & pepper noise,0.028,0.022,-0.006000000000000002,0.011998502846807242,0.011346690092235804,-0.0006518127545714382
MobileNetV3-Small Prototype,mobilenet_v3_small_prototype,level_3,03,underexposure,Underexposure,0.428,0.232,-0.19599999999999998,0.012020373741164804,0.01191120126284659,-0.00010917247831821429
MobileNetV3-Small Prototype,mobilenet_v3_small_prototype,level_4,06,contrast,Contrast,0.31,0.174,-0.136,0.011907011697068811,0.01190532529167831,-1.6864053905014248e-06
MobileNetV3-Small Prototype,mobilenet_v3_small_prototype,level_4,07,dirty_lens_1,Dirty lens 1,0.134,0.026,-0.10800000000000001,0.011273885779082775,0.011340577952563763,6.66921734809884e-05
MobileNetV3-Small Prototype,mobilenet_v3_small_prototype,level_4,08,dirty_lens_2,Dirty lens 2,0.258,0.086,-0.17200000000000001,0.011521830847486854,0.011512962900102139,-8.867947384715025e-06
MobileNetV3-Small Prototype,mobilenet_v3_small_prototype,level_4,05,gaussian_blur,Gaussian blur,0.01,0.01,0.0,0.013175141111016274,0.013129675228148698,-4.546588286757566e-05
MobileNetV3-Small Prototype,mobilenet_v3_small_prototype,level_4,04,overexposure,Overexposure,0.158,0.076,-0.082,0.011645210461691022,0.011927608471363782,0.00028239800967276053
MobileNetV3-Small Prototype,mobilenet_v3_small_prototype,level_4,02,resize,Resize,0.542,0.25,-0.29200000000000004,0.011929981591179967,0.011784581936895848,-0.00014539965428411912
MobileNetV3-Small Prototype,mobilenet_v3_small_prototype,level_4,09,salt_pepper_noise,Salt & pepper noise,0.012,0.01,-0.002,0.012576256493106484,0.011912806071341037,-0.0006634504217654467
MobileNetV3-Small Prototype,mobilenet_v3_small_prototype,level_4,03,underexposure,Underexposure,0.352,0.202,-0.14999999999999997,0.012084459831938147,0.01201964775286615,-6.481207907199811e-05
MobileNetV3-Small Prototype,mobilenet_v3_small_prototype,level_5,06,contrast,Contrast,0.294,0.158,-0.13599999999999998,0.011889520762488247,0.011904936000704766,1.5415238216518953e-05
MobileNetV3-Small Prototype,mobilenet_v3_small_prototype,level_5,07,dirty_lens_1,Dirty lens 1,0.09,0.014,-0.076,0.011125154325738549,0.011498700883239508,0.00037354655750095923
MobileNetV3-Small Prototype,mobilenet_v3_small_prototype,level_5,08,dirty_lens_2,Dirty lens 2,0.19,0.066,-0.124,0.011432689167559146,0.011474596982821822,4.1907815262675827e-05
MobileNetV3-Small Prototype,mobilenet_v3_small_prototype,level_5,05,gaussian_blur,Gaussian blur,0.01,0.01,0.0,0.013240355281159282,0.013103917505592108,-0.0001364377755671744
MobileNetV3-Small Prototype,mobilenet_v3_small_prototype,level_5,04,overexposure,Overexposure,0.132,0.068,-0.064,0.011664067735895515,0.01191053607314825,0.00024646833725273584
MobileNetV3-Small Prototype,mobilenet_v3_small_prototype,level_5,09,salt_pepper_noise,Salt & pepper noise,0.01,0.01,0.0,0.01269876492023468,0.012127131516113877,-0.000571633404120803
MobileNetV3-Small Prototype,mobilenet_v3_small_prototype,level_5,03,underexposure,Underexposure,0.166,0.126,-0.04000000000000001,0.012225281186401845,0.012149545913562178,-7.573527283966618e-05
OpenCLIP ViT-B/16 DataComp XL,openclip_vit_b16_datacomp_xl,level_1,06,contrast,Contrast,0.508,0.36,-0.14800000000000002,0.6649542954415083,0.5906111844927072,-0.07434311094880108
OpenCLIP ViT-B/16 DataComp XL,openclip_vit_b16_datacomp_xl,level_1,07,dirty_lens_1,Dirty lens 1,0.44,0.252,-0.188,0.6104068872034549,0.5152722527831792,-0.0951346344202757
OpenCLIP ViT-B/16 DataComp XL,openclip_vit_b16_datacomp_xl,level_1,08,dirty_lens_2,Dirty lens 2,0.348,0.224,-0.12399999999999997,0.6000567926615477,0.5200784821808339,-0.0799783104807138
OpenCLIP ViT-B/16 DataComp XL,openclip_vit_b16_datacomp_xl,level_1,05,gaussian_blur,Gaussian blur,0.288,0.124,-0.16399999999999998,0.5331381084620953,0.43500833047926424,-0.09812977798283107
OpenCLIP ViT-B/16 DataComp XL,openclip_vit_b16_datacomp_xl,level_1,04,overexposure,Overexposure,0.538,0.382,-0.15600000000000003,0.6891254991292953,0.6239247931092977,-0.06520070601999761
OpenCLIP ViT-B/16 DataComp XL,openclip_vit_b16_datacomp_xl,level_1,02,resize,Resize,0.548,0.388,-0.16000000000000003,0.698967978656292,0.6314081665426493,-0.0675598121136427
OpenCLIP ViT-B/16 DataComp XL,openclip_vit_b16_datacomp_xl,level_1,09,salt_pepper_noise,Salt & pepper noise,0.324,0.164,-0.16,0.5298911244422198,0.42733078357577325,-0.1025603408664465
OpenCLIP ViT-B/16 DataComp XL,openclip_vit_b16_datacomp_xl,level_1,03,underexposure,Underexposure,0.528,0.37675350701402804,-0.15124649298597198,0.6791090834438801,0.6182317342123909,-0.06087734923148924
OpenCLIP ViT-B/16 DataComp XL,openclip_vit_b16_datacomp_xl,level_2,06,contrast,Contrast,0.49,0.304,-0.186,0.6366625735461712,0.5625752288252115,-0.07408734472095968
OpenCLIP ViT-B/16 DataComp XL,openclip_vit_b16_datacomp_xl,level_2,07,dirty_lens_1,Dirty lens 1,0.328,0.188,-0.14,0.5629422361254692,0.45548191213607786,-0.10746032398939137
OpenCLIP ViT-B/16 DataComp XL,openclip_vit_b16_datacomp_xl,level_2,08,dirty_lens_2,Dirty lens 2,0.318,0.174,-0.14400000000000002,0.5631994047909975,0.4914860589653254,-0.07171334582567213
OpenCLIP ViT-B/16 DataComp XL,openclip_vit_b16_datacomp_xl,level_2,05,gaussian_blur,Gaussian blur,0.14,0.032,-0.10800000000000001,0.42625533939898014,0.41559718146920205,-0.01065815792977809
OpenCLIP ViT-B/16 DataComp XL,openclip_vit_b16_datacomp_xl,level_2,04,overexposure,Overexposure,0.416,0.244,-0.172,0.6005910799205303,0.5643849254846572,-0.03620615443587305
OpenCLIP ViT-B/16 DataComp XL,openclip_vit_b16_datacomp_xl,level_2,02,resize,Resize,0.544,0.384,-0.16000000000000003,0.6943603493571281,0.6341576628834009,-0.060202686473727174
OpenCLIP ViT-B/16 DataComp XL,openclip_vit_b16_datacomp_xl,level_2,09,salt_pepper_noise,Salt & pepper noise,0.184,0.078,-0.106,0.4429081794321537,0.39782487881183626,-0.04508330062031746
OpenCLIP ViT-B/16 DataComp XL,openclip_vit_b16_datacomp_xl,level_2,03,underexposure,Underexposure,0.522,0.376,-0.14600000000000002,0.6760292550921441,0.6123950753509998,-0.06363417974114427
OpenCLIP ViT-B/16 DataComp XL,openclip_vit_b16_datacomp_xl,level_3,06,contrast,Contrast,0.426,0.276,-0.14999999999999997,0.608115764439106,0.5454035175293684,-0.06271224690973753
OpenCLIP ViT-B/16 DataComp XL,openclip_vit_b16_datacomp_xl,level_3,07,dirty_lens_1,Dirty lens 1,0.246,0.104,-0.14200000000000002,0.5188689737766982,0.4354228793978691,-0.08344609437882905
OpenCLIP ViT-B/16 DataComp XL,openclip_vit_b16_datacomp_xl,level_3,08,dirty_lens_2,Dirty lens 2,0.292,0.158,-0.13399999999999998,0.5732617412507534,0.5175983162224292,-0.05566342502832411
OpenCLIP ViT-B/16 DataComp XL,openclip_vit_b16_datacomp_xl,level_3,05,gaussian_blur,Gaussian blur,0.092,0.026,-0.066,0.30817260774970057,0.38476069788634776,0.07658809013664719
OpenCLIP ViT-B/16 DataComp XL,openclip_vit_b16_datacomp_xl,level_3,04,overexposure,Overexposure,0.278,0.178,-0.10000000000000003,0.5541345088481903,0.6046338998824358,0.0504993910342455
OpenCLIP ViT-B/16 DataComp XL,openclip_vit_b16_datacomp_xl,level_3,02,resize,Resize,0.544,0.382,-0.16200000000000003,0.6944518537521363,0.6301628792583942,-0.06428897449374205
OpenCLIP ViT-B/16 DataComp XL,openclip_vit_b16_datacomp_xl,level_3,09,salt_pepper_noise,Salt & pepper noise,0.086,0.022,-0.064,0.36362632976472375,0.39917354410886763,0.035547214344143874
OpenCLIP ViT-B/16 DataComp XL,openclip_vit_b16_datacomp_xl,level_3,03,underexposure,Underexposure,0.506,0.368,-0.138,0.6606785805672407,0.602418857499957,-0.058259723067283664
OpenCLIP ViT-B/16 DataComp XL,openclip_vit_b16_datacomp_xl,level_4,06,contrast,Contrast,0.394,0.254,-0.14,0.5913664419502019,0.5391418391317129,-0.05222460281848906
OpenCLIP ViT-B/16 DataComp XL,openclip_vit_b16_datacomp_xl,level_4,07,dirty_lens_1,Dirty lens 1,0.156,0.048,-0.108,0.4967363130897284,0.4177309085279703,-0.07900540456175809
OpenCLIP ViT-B/16 DataComp XL,openclip_vit_b16_datacomp_xl,level_4,08,dirty_lens_2,Dirty lens 2,0.25,0.136,-0.11399999999999999,0.5818683402836323,0.5187629271298647,-0.06310541315376761
OpenCLIP ViT-B/16 DataComp XL,openclip_vit_b16_datacomp_xl,level_4,05,gaussian_blur,Gaussian blur,0.074,0.018,-0.055999999999999994,0.24020203065127135,0.31718542326986787,0.07698339261859652
OpenCLIP ViT-B/16 DataComp XL,openclip_vit_b16_datacomp_xl,level_4,04,overexposure,Overexposure,0.232,0.134,-0.098,0.5106728147864342,0.6283161355555058,0.11764332076907158
OpenCLIP ViT-B/16 DataComp XL,openclip_vit_b16_datacomp_xl,level_4,02,resize,Resize,0.528,0.372,-0.15600000000000003,0.6878336199820042,0.6244974690675735,-0.06333615091443068
OpenCLIP ViT-B/16 DataComp XL,openclip_vit_b16_datacomp_xl,level_4,09,salt_pepper_noise,Salt & pepper noise,0.016,0.01,-0.006,0.38127678526937964,0.45223190957307813,0.07095512430369849
OpenCLIP ViT-B/16 DataComp XL,openclip_vit_b16_datacomp_xl,level_4,03,underexposure,Underexposure,0.474,0.348,-0.126,0.6320000936537981,0.5914842922240495,-0.04051580142974853
OpenCLIP ViT-B/16 DataComp XL,openclip_vit_b16_datacomp_xl,level_5,06,contrast,Contrast,0.362,0.234,-0.12799999999999997,0.5794003892540932,0.5359462122321129,-0.04345417702198029
OpenCLIP ViT-B/16 DataComp XL,openclip_vit_b16_datacomp_xl,level_5,07,dirty_lens_1,Dirty lens 1,0.07,0.02,-0.05,0.5259913793951273,0.4494712501168251,-0.0765201292783022
OpenCLIP ViT-B/16 DataComp XL,openclip_vit_b16_datacomp_xl,level_5,08,dirty_lens_2,Dirty lens 2,0.19,0.08,-0.11,0.5083575337976217,0.49697766710817814,-0.011379866689443574
OpenCLIP ViT-B/16 DataComp XL,openclip_vit_b16_datacomp_xl,level_5,05,gaussian_blur,Gaussian blur,0.028,0.016,-0.012,0.26545551262050865,0.29985691061615943,0.034401397995650784
OpenCLIP ViT-B/16 DataComp XL,openclip_vit_b16_datacomp_xl,level_5,04,overexposure,Overexposure,0.194,0.112,-0.082,0.48212280052900314,0.6163391537964344,0.1342163532674313
OpenCLIP ViT-B/16 DataComp XL,openclip_vit_b16_datacomp_xl,level_5,09,salt_pepper_noise,Salt & pepper noise,0.008,0.01,0.002,0.381703360080719,0.7392940828204155,0.35759072273969655
OpenCLIP ViT-B/16 DataComp XL,openclip_vit_b16_datacomp_xl,level_5,03,underexposure,Underexposure,0.402,0.306,-0.09600000000000003,0.5748489312231541,0.5396542078107596,-0.03519472341239449
OpenCLIP ViT-B/32 LAION2B,openclip_vit_b32_laion2b,level_1,06,contrast,Contrast,0.372,0.224,-0.148,0.6177948833107948,0.5546792310327292,-0.06311565227806559
OpenCLIP ViT-B/32 LAION2B,openclip_vit_b32_laion2b,level_1,07,dirty_lens_1,Dirty lens 1,0.326,0.17,-0.156,0.5909928081929684,0.5488609217405319,-0.042131886452436484
OpenCLIP ViT-B/32 LAION2B,openclip_vit_b32_laion2b,level_1,08,dirty_lens_2,Dirty lens 2,0.258,0.126,-0.132,0.6021144775152206,0.588874580770731,-0.013239896744489665
OpenCLIP ViT-B/32 LAION2B,openclip_vit_b32_laion2b,level_1,05,gaussian_blur,Gaussian blur,0.196,0.082,-0.114,0.5317016711831093,0.5522860420048237,0.02058437082171438
OpenCLIP ViT-B/32 LAION2B,openclip_vit_b32_laion2b,level_1,04,overexposure,Overexposure,0.39,0.232,-0.158,0.6531852921545506,0.604080421179533,-0.04910487097501759
OpenCLIP ViT-B/32 LAION2B,openclip_vit_b32_laion2b,level_1,02,resize,Resize,0.418,0.244,-0.174,0.6631016190946102,0.6253916252255439,-0.03770999386906626
OpenCLIP ViT-B/32 LAION2B,openclip_vit_b32_laion2b,level_1,09,salt_pepper_noise,Salt & pepper noise,0.242,0.098,-0.144,0.5350307662785053,0.5027183673381805,-0.03231239894032478
OpenCLIP ViT-B/32 LAION2B,openclip_vit_b32_laion2b,level_1,03,underexposure,Underexposure,0.348,0.23046092184368738,-0.11753907815631259,0.6196868961453438,0.5833374561073785,-0.03634944003796525
OpenCLIP ViT-B/32 LAION2B,openclip_vit_b32_laion2b,level_2,06,contrast,Contrast,0.342,0.188,-0.15400000000000003,0.5815410968959331,0.5529891673475504,-0.028551929548382704
OpenCLIP ViT-B/32 LAION2B,openclip_vit_b32_laion2b,level_2,07,dirty_lens_1,Dirty lens 1,0.26,0.1,-0.16,0.6027809959352016,0.533331678956747,-0.06944931697845458
OpenCLIP ViT-B/32 LAION2B,openclip_vit_b32_laion2b,level_2,08,dirty_lens_2,Dirty lens 2,0.256,0.112,-0.14400000000000002,0.5453082555532456,0.5433164118528366,-0.001991843700408946
OpenCLIP ViT-B/32 LAION2B,openclip_vit_b32_laion2b,level_2,05,gaussian_blur,Gaussian blur,0.076,0.02,-0.055999999999999994,0.4352292226701975,0.507532521545887,0.07230329887568954
OpenCLIP ViT-B/32 LAION2B,openclip_vit_b32_laion2b,level_2,04,overexposure,Overexposure,0.28,0.17,-0.11000000000000001,0.5703093878179789,0.6028828734233975,0.03257348560541862
OpenCLIP ViT-B/32 LAION2B,openclip_vit_b32_laion2b,level_2,02,resize,Resize,0.406,0.236,-0.17000000000000004,0.6631956787407398,0.6183996573388576,-0.04479602140188221
OpenCLIP ViT-B/32 LAION2B,openclip_vit_b32_laion2b,level_2,09,salt_pepper_noise,Salt & pepper noise,0.16,0.034,-0.126,0.4603243858218193,0.45326070922613143,-0.007063676595687851
OpenCLIP ViT-B/32 LAION2B,openclip_vit_b32_laion2b,level_2,03,underexposure,Underexposure,0.348,0.212,-0.13599999999999998,0.6111881586015224,0.5789915099740028,-0.032196648627519586
OpenCLIP ViT-B/32 LAION2B,openclip_vit_b32_laion2b,level_3,06,contrast,Contrast,0.304,0.17,-0.13399999999999998,0.5659768568873406,0.5470961821675301,-0.018880674719810475
OpenCLIP ViT-B/32 LAION2B,openclip_vit_b32_laion2b,level_3,07,dirty_lens_1,Dirty lens 1,0.148,0.054,-0.094,0.6100976378917694,0.5301848305165767,-0.07991280737519268
OpenCLIP ViT-B/32 LAION2B,openclip_vit_b32_laion2b,level_3,08,dirty_lens_2,Dirty lens 2,0.23,0.092,-0.138,0.5655433045327664,0.5398141374886036,-0.025729167044162726
OpenCLIP ViT-B/32 LAION2B,openclip_vit_b32_laion2b,level_3,05,gaussian_blur,Gaussian blur,0.036,0.012,-0.023999999999999997,0.34168025995790957,0.47242763349413874,0.13074737353622917
OpenCLIP ViT-B/32 LAION2B,openclip_vit_b32_laion2b,level_3,04,overexposure,Overexposure,0.224,0.11,-0.114,0.5197848980352282,0.5271697685047985,0.007384870469570259
OpenCLIP ViT-B/32 LAION2B,openclip_vit_b32_laion2b,level_3,02,resize,Resize,0.404,0.24,-0.16400000000000003,0.6575990636944771,0.6174475595802069,-0.04015150411427015
OpenCLIP ViT-B/32 LAION2B,openclip_vit_b32_laion2b,level_3,09,salt_pepper_noise,Salt & pepper noise,0.068,0.018,-0.05,0.37810457538068293,0.5081958196759224,0.1300912442952395
OpenCLIP ViT-B/32 LAION2B,openclip_vit_b32_laion2b,level_3,03,underexposure,Underexposure,0.336,0.208,-0.12800000000000003,0.5976396162509918,0.5735959844589233,-0.024043631792068476
OpenCLIP ViT-B/32 LAION2B,openclip_vit_b32_laion2b,level_4,06,contrast,Contrast,0.286,0.134,-0.15199999999999997,0.5468542286157608,0.5520133447498083,0.0051591161340475145
OpenCLIP ViT-B/32 LAION2B,openclip_vit_b32_laion2b,level_4,07,dirty_lens_1,Dirty lens 1,0.088,0.02,-0.06799999999999999,0.5830813945829868,0.49403099089860913,-0.08905040368437767
OpenCLIP ViT-B/32 LAION2B,openclip_vit_b32_laion2b,level_4,08,dirty_lens_2,Dirty lens 2,0.186,0.074,-0.112,0.5381265494525432,0.5279003734290599,-0.010226176023483302
OpenCLIP ViT-B/32 LAION2B,openclip_vit_b32_laion2b,level_4,05,gaussian_blur,Gaussian blur,0.022,0.01,-0.011999999999999999,0.3428997164517641,0.4356141793131828,0.09271446286141871
OpenCLIP ViT-B/32 LAION2B,openclip_vit_b32_laion2b,level_4,04,overexposure,Overexposure,0.176,0.082,-0.09399999999999999,0.4768744929879904,0.5067452601417899,0.029870767153799493
OpenCLIP ViT-B/32 LAION2B,openclip_vit_b32_laion2b,level_4,02,resize,Resize,0.394,0.236,-0.15800000000000003,0.6725818443596363,0.6159595704078674,-0.05662227395176889
OpenCLIP ViT-B/32 LAION2B,openclip_vit_b32_laion2b,level_4,09,salt_pepper_noise,Salt & pepper noise,0.03,0.01,-0.019999999999999997,0.34773048290610314,0.6336260677576065,0.2858955848515034
OpenCLIP ViT-B/32 LAION2B,openclip_vit_b32_laion2b,level_4,03,underexposure,Underexposure,0.302,0.19,-0.11199999999999999,0.5835115811526775,0.5572011720240116,-0.02631040912866589
OpenCLIP ViT-B/32 LAION2B,openclip_vit_b32_laion2b,level_5,06,contrast,Contrast,0.272,0.122,-0.15000000000000002,0.5443254534602165,0.5575988046526908,0.013273351192474303
OpenCLIP ViT-B/32 LAION2B,openclip_vit_b32_laion2b,level_5,07,dirty_lens_1,Dirty lens 1,0.048,0.012,-0.036000000000000004,0.5971568022072316,0.4332226766943932,-0.16393412551283837
OpenCLIP ViT-B/32 LAION2B,openclip_vit_b32_laion2b,level_5,08,dirty_lens_2,Dirty lens 2,0.124,0.054,-0.07,0.46223203162848947,0.4560480214059353,-0.006184010222554159
OpenCLIP ViT-B/32 LAION2B,openclip_vit_b32_laion2b,level_5,05,gaussian_blur,Gaussian blur,0.014,0.01,-0.004,0.38856805564463137,0.47190400791168213,0.08333595226705076
OpenCLIP ViT-B/32 LAION2B,openclip_vit_b32_laion2b,level_5,04,overexposure,Overexposure,0.146,0.066,-0.07999999999999999,0.44607244960218667,0.4930267091169953,0.04695425951480864
OpenCLIP ViT-B/32 LAION2B,openclip_vit_b32_laion2b,level_5,09,salt_pepper_noise,Salt & pepper noise,0.014,0.008,-0.006,0.3431661440730095,0.43401184254884717,0.09084569847583768
OpenCLIP ViT-B/32 LAION2B,openclip_vit_b32_laion2b,level_5,03,underexposure,Underexposure,0.224,0.132,-0.092,0.5345226024687291,0.531695443034172,-0.002827159434557025
